trip_id,driver_id,customer_id,vehicle_id,trip_start_time,trip_end_time,location,distance_km,fare_amount,payment_method,trip_status,last_updated_timestamp
1,29,185,29,2025-07-31 18:00:11,2025-07-31 18:07:11,East Heidi,9.09,28.41,Card,Cancelled,2025-09-06 01:55:37
2,2,180,2,2025-08-29 04:00:11,2025-08-29 04:36:11,Bradleytown,22.68,76.3,Card,Ongoing,2025-08-25 21:45:53
3,43,182,43,2025-08-25 09:00:11,2025-08-25 09:36:11,Mccarthybury,29.23,47.0,Cash,Completed,2025-09-07 12:33:38
4,4,152,4,2025-08-10 21:00:11,2025-08-10 21:16:11,West Lawrenceberg,25.07,35.69,Wallet,Completed,2025-09-04 10:41:23
5,23,132,23,2025-09-12 15:00:11,2025-09-12 15:37:11,South Cynthia,33.2,49.46,Card,Ongoing,2025-09-20 04:33:10
6,31,80,31,2025-07-11 06:00:11,2025-07-11 06:59:11,New Josephburgh,7.46,21.01,Wallet,Completed,2025-08-23 06:21:23
7,15,172,15,2025-07-12 06:00:11,2025-07-12 06:31:11,Stevensstad,36.28,128.96,Cash,Completed,2025-09-05 17:04:37
8,4,12,4,2025-07-27 07:00:11,2025-07-27 07:14:11,East Miguel,33.88,57.18,Wallet,Ongoing,2025-08-22 14:35:00
9,27,160,27,2025-07-03 16:00:11,2025-07-03 16:05:11,West Lawrenceberg,16.03,51.53,Wallet,Ongoing,2025-09-15 09:56:31
10,41,126,41,2025-09-05 05:00:11,2025-09-05 05:20:11,Shawnfurt,20.53,42.27,Card,Cancelled,2025-08-22 12:08:26
11,20,5,20,2025-09-01 12:00:11,2025-09-01 12:22:11,New Eric,1.6,3.98,Card,Cancelled,2025-09-12 02:37:38
12,1,12,1,2025-09-19 12:00:11,2025-09-19 12:46:11,West Lawrenceberg,26.83,60.28,Cash,Completed,2025-09-04 13:54:15
13,39,193,39,2025-07-10 22:00:11,2025-07-10 22:27:11,Josephstad,29.03,91.29,Cash,Completed,2025-08-25 02:16:49
14,6,142,6,2025-09-08 16:00:11,2025-09-08 16:14:11,Davilaville,15.41,40.57,Wallet,Completed,2025-08-23 02:28:45
15,9,11,9,2025-09-14 10:00:11,2025-09-14 10:58:11,Joshuaborough,24.32,80.86,Cash,Completed,2025-08-25 19:44:01
16,17,118,17,2025-07-29 08:00:11,2025-07-29 08:47:11,Cummingsmouth,14.57,55.24,Cash,Cancelled,2025-09-17 15:59:04
17,33,115,33,2025-07-21 04:00:11,2025-07-21 04:50:11,Bellhaven,26.73,93.49,Wallet,Ongoing,2025-09-08 17:48:51
18,25,159,25,2025-07-10 09:00:11,2025-07-10 09:24:11,Mccarthybury,23.01,67.74,Wallet,Completed,2025-08-28 10:17:27
19,18,40,18,2025-07-10 23:00:11,2025-07-10 23:25:11,Davilaville,4.46,11.28,Cash,Ongoing,2025-09-18 09:30:55
20,30,11,30,2025-08-27 00:00:11,2025-08-27 00:59:11,North Jodimouth,29.7,97.34,Cash,Completed,2025-08-29 23:17:59
21,25,13,25,2025-09-16 21:00:11,2025-09-16 21:06:11,Stevensstad,30.81,71.01,Wallet,Cancelled,2025-09-04 21:11:39
22,13,69,13,2025-09-18 07:00:11,2025-09-18 07:57:11,Perezhaven,38.42,47.78,Cash,Ongoing,2025-09-18 21:01:00
23,49,4,49,2025-06-21 23:00:11,2025-06-21 23:43:11,Jasonborough,7.71,13.17,Wallet,Completed,2025-08-21 02:31:39
24,26,44,26,2025-08-07 06:00:11,2025-08-07 06:45:11,Mccarthybury,27.16,93.14,Cash,Completed,2025-08-25 14:00:14
25,44,106,44,2025-08-30 21:00:11,2025-08-30 21:48:11,Bensonport,28.91,106.93,Card,Ongoing,2025-09-06 17:31:56
26,45,94,45,2025-06-25 23:00:11,2025-06-25 23:38:11,North Susanstad,3.54,12.91,Cash,Ongoing,2025-09-06 06:50:11
27,40,74,40,2025-07-25 08:00:11,2025-07-25 08:15:11,Rickyton,39.04,100.59,Cash,Completed,2025-08-22 11:30:00
28,50,51,50,2025-07-27 05:00:11,2025-07-27 05:31:11,Ericport,5.25,14.6,Card,Completed,2025-09-09 16:34:13
29,39,58,39,2025-08-09 23:00:11,2025-08-09 23:38:11,North Williamport,8.72,20.42,Cash,Cancelled,2025-09-11 14:09:03
30,7,27,7,2025-08-31 07:00:11,2025-08-31 07:57:11,Josephstad,6.97,24.81,Cash,Cancelled,2025-08-30 10:53:13
31,45,64,45,2025-08-16 08:00:11,2025-08-16 08:05:11,Jimenezview,18.36,62.9,Card,Ongoing,2025-08-21 17:27:17
32,35,44,35,2025-07-04 21:00:11,2025-07-04 21:25:11,Stevensstad,18.75,23.98,Cash,Ongoing,2025-09-15 01:26:43
33,13,178,13,2025-09-11 03:00:11,2025-09-11 03:58:11,North Christophermouth,13.21,28.79,Wallet,Completed,2025-08-30 15:39:55
34,16,118,16,2025-09-12 10:00:11,2025-09-12 10:15:11,Joshuaborough,33.65,120.41,Cash,Completed,2025-08-26 15:24:36
35,13,18,13,2025-09-13 06:00:11,2025-09-13 06:45:11,South Cynthia,22.29,72.55,Cash,Completed,2025-08-23 02:00:03
36,40,195,40,2025-08-07 00:00:11,2025-08-07 00:51:11,Lake Davidport,20.28,48.81,Card,Ongoing,2025-09-14 21:11:27
37,14,73,14,2025-08-19 18:00:11,2025-08-19 18:38:11,Steventon,27.11,62.33,Card,Cancelled,2025-08-20 23:00:23
38,25,77,25,2025-09-17 16:00:11,2025-09-17 16:15:11,Gregorytown,5.44,13.6,Card,Ongoing,2025-08-26 13:50:18
39,44,118,44,2025-06-25 07:00:11,2025-06-25 08:00:11,North Williamport,36.8,83.06,Wallet,Cancelled,2025-08-29 11:57:13
40,2,3,2,2025-08-25 07:00:11,2025-08-25 07:17:11,Cummingsmouth,28.69,58.73,Cash,Completed,2025-09-11 04:49:56
41,31,127,31,2025-09-16 14:00:11,2025-09-16 14:57:11,Daviesview,10.89,16.71,Wallet,Ongoing,2025-08-21 03:33:41
42,26,195,26,2025-07-30 08:00:11,2025-07-30 08:33:11,South Cynthia,5.33,8.28,Card,Cancelled,2025-09-14 07:53:28
43,30,106,30,2025-08-21 07:00:11,2025-08-21 07:44:11,Masonside,18.02,59.39,Wallet,Completed,2025-08-23 07:36:41
44,27,44,27,2025-06-29 01:00:11,2025-06-29 01:20:11,North Jodimouth,34.22,72.01,Wallet,Completed,2025-08-29 11:58:10
45,36,149,36,2025-07-12 17:00:11,2025-07-12 17:50:11,Steventon,12.06,19.12,Card,Cancelled,2025-09-07 11:50:14
46,47,94,47,2025-08-30 04:00:11,2025-08-30 04:34:11,Daviesview,18.89,58.78,Card,Completed,2025-09-19 00:15:10
47,45,94,45,2025-09-07 12:00:11,2025-09-07 12:27:11,Shawnfurt,14.48,29.64,Cash,Ongoing,2025-08-28 20:55:25
48,33,141,33,2025-09-10 23:00:11,2025-09-10 23:54:11,Davilaville,3.74,13.12,Card,Completed,2025-08-29 21:30:56
49,31,44,31,2025-09-03 20:00:11,2025-09-03 20:51:11,Davidbury,10.32,13.02,Wallet,Ongoing,2025-08-24 20:28:56
50,43,69,43,2025-09-12 13:00:11,2025-09-12 13:11:11,Shawnfurt,37.3,86.71,Card,Ongoing,2025-09-16 06:54:32
51,32,144,32,2025-07-10 01:00:11,2025-07-10 01:44:11,South Karenstad,3.92,6.56,Wallet,Completed,2025-08-25 15:18:56
52,12,91,12,2025-08-19 02:00:11,2025-08-19 02:33:11,South Karenstad,33.58,57.26,Wallet,Cancelled,2025-08-23 10:57:33
53,49,131,49,2025-08-20 01:00:11,2025-08-20 01:57:11,Jasonborough,31.39,102.71,Card,Cancelled,2025-09-20 03:29:12
54,15,167,15,2025-07-26 13:00:11,2025-07-26 13:29:11,Zacharyport,6.84,13.06,Cash,Ongoing,2025-08-24 23:52:09
55,9,55,9,2025-09-01 20:00:11,2025-09-01 20:49:11,Bellhaven,13.75,28.66,Wallet,Cancelled,2025-08-29 08:56:44
56,9,42,9,2025-07-30 15:00:11,2025-07-30 15:56:11,South Regina,6.27,15.24,Wallet,Completed,2025-09-11 08:09:20
57,2,126,2,2025-08-19 16:00:11,2025-08-19 16:10:11,Nicholsonshire,21.65,42.53,Cash,Ongoing,2025-08-25 04:35:07
58,45,6,45,2025-09-03 05:00:11,2025-09-03 05:44:11,Josephstad,25.7,87.11,Wallet,Cancelled,2025-09-17 14:16:39
59,22,73,22,2025-09-16 17:00:11,2025-09-16 17:05:11,Bradleytown,27.76,99.77,Wallet,Cancelled,2025-08-31 16:12:31
60,14,138,14,2025-07-08 18:00:11,2025-07-08 18:43:11,Davidbury,7.76,28.03,Card,Completed,2025-09-03 22:15:02
61,1,135,1,2025-09-16 12:00:11,2025-09-16 12:15:11,Davilaville,31.31,100.65,Card,Ongoing,2025-08-25 17:05:54
62,28,2,28,2025-09-15 06:00:11,2025-09-15 06:50:11,Bensonport,14.9,18.88,Cash,Completed,2025-09-19 01:20:30
63,18,118,18,2025-06-30 07:00:11,2025-06-30 07:45:11,Orrburgh,32.62,110.41,Card,Completed,2025-08-28 05:17:28
64,32,31,32,2025-09-04 07:00:11,2025-09-04 07:14:11,East Heidi,15.51,32.22,Wallet,Completed,2025-09-06 04:01:04
65,49,111,49,2025-09-05 09:00:11,2025-09-05 09:27:11,North Justin,15.4,58.19,Wallet,Cancelled,2025-09-13 10:13:13
66,18,188,18,2025-09-17 16:00:11,2025-09-17 16:11:11,Robertbury,19.66,36.19,Card,Cancelled,2025-09-09 20:15:42
67,35,180,35,2025-07-02 10:00:11,2025-07-02 10:16:11,East Ericaborough,14.85,26.95,Card,Ongoing,2025-08-28 08:15:24
68,50,121,50,2025-06-30 10:00:11,2025-06-30 10:51:11,North Susanstad,2.68,7.15,Cash,Ongoing,2025-09-16 16:02:31
69,7,180,7,2025-08-30 12:00:11,2025-08-30 12:21:11,Rickyton,23.68,35.02,Cash,Completed,2025-09-15 15:38:53
70,33,18,33,2025-08-20 12:00:11,2025-08-20 12:53:11,Glennview,8.56,30.27,Cash,Cancelled,2025-09-11 07:30:02
71,11,190,11,2025-08-12 23:00:11,2025-08-12 23:15:11,Bellhaven,31.28,63.88,Card,Completed,2025-09-09 13:14:44
72,22,68,22,2025-08-28 05:00:11,2025-08-28 05:59:11,Craigland,11.3,21.33,Wallet,Ongoing,2025-08-25 08:25:08
73,6,59,6,2025-08-16 19:00:11,2025-08-16 19:54:11,Stevensstad,35.23,75.68,Card,Cancelled,2025-08-28 01:14:29
74,47,80,47,2025-08-13 07:00:11,2025-08-13 07:44:11,Port Brenda,38.15,130.87,Card,Ongoing,2025-09-14 20:26:37
75,39,65,39,2025-08-01 03:00:11,2025-08-01 03:27:11,Orrburgh,17.76,43.84,Card,Ongoing,2025-08-28 12:56:45
76,45,83,45,2025-08-02 12:00:11,2025-08-02 12:06:11,Davilaville,25.48,45.67,Wallet,Ongoing,2025-08-24 09:23:16
77,32,96,32,2025-09-15 12:00:11,2025-09-15 12:53:11,Stevensstad,26.83,76.39,Cash,Cancelled,2025-09-12 15:20:29
78,47,18,47,2025-07-07 20:00:11,2025-07-07 20:52:11,Shawnfurt,34.39,43.47,Cash,Completed,2025-08-30 19:10:28
79,5,60,5,2025-07-31 18:00:11,2025-07-31 18:45:11,Davidbury,1.48,2.93,Wallet,Completed,2025-09-12 21:08:45
80,6,162,6,2025-08-20 01:00:11,2025-08-20 01:17:11,South Cynthia,35.24,75.96,Wallet,Cancelled,2025-09-07 08:04:17
81,7,194,7,2025-08-21 16:00:11,2025-08-21 16:11:11,Nicholsonshire,10.97,13.91,Wallet,Completed,2025-08-23 15:32:54
82,43,190,43,2025-08-31 11:00:11,2025-08-31 11:28:11,East Heidi,29.17,96.99,Cash,Completed,2025-09-20 07:21:27
83,39,74,39,2025-07-27 04:00:11,2025-07-27 04:39:11,Robertbury,27.65,60.08,Cash,Ongoing,2025-08-23 09:32:19
84,10,149,10,2025-07-22 12:00:11,2025-07-22 12:17:11,Gregorytown,30.2,51.0,Card,Cancelled,2025-08-28 00:17:55
85,33,119,33,2025-07-18 13:00:11,2025-07-18 13:25:11,Robertbury,32.46,83.56,Cash,Completed,2025-09-11 15:20:34
86,20,175,20,2025-07-27 16:00:11,2025-07-27 16:41:11,South Karenstad,14.12,44.78,Cash,Ongoing,2025-08-29 04:26:54
87,23,150,23,2025-06-26 19:00:11,2025-06-26 19:40:11,North Jodimouth,23.96,90.96,Cash,Ongoing,2025-09-15 19:58:04
88,24,16,24,2025-07-15 21:00:11,2025-07-15 21:14:11,Craigland,28.8,55.1,Wallet,Cancelled,2025-09-04 03:17:13
89,26,19,26,2025-08-12 17:00:11,2025-08-12 17:41:11,South Cynthia,4.36,12.73,Wallet,Cancelled,2025-08-30 03:10:04
90,4,90,4,2025-09-19 21:00:11,2025-09-19 21:27:11,North Williamport,25.1,67.76,Wallet,Ongoing,2025-08-31 05:55:07
91,19,10,19,2025-09-14 10:00:11,2025-09-14 10:05:11,New Eric,38.73,120.43,Card,Completed,2025-09-20 08:44:36
92,20,64,20,2025-07-15 09:00:11,2025-07-15 09:54:11,Ericport,27.98,92.86,Wallet,Completed,2025-08-25 10:22:36
93,22,99,22,2025-07-20 01:00:11,2025-07-20 01:47:11,Glennview,15.47,50.48,Wallet,Ongoing,2025-08-22 02:52:35
94,9,142,9,2025-07-24 03:00:11,2025-07-24 03:11:11,Jasonborough,7.32,21.74,Card,Completed,2025-09-18 12:52:02
95,7,116,7,2025-08-05 01:00:11,2025-08-05 01:05:11,East Heidi,23.31,60.06,Cash,Completed,2025-09-10 00:33:45
96,21,102,21,2025-09-19 05:00:11,2025-09-19 05:30:11,Gregorytown,33.42,55.7,Cash,Cancelled,2025-09-10 09:55:11
97,11,175,11,2025-08-09 22:00:11,2025-08-09 22:38:11,Josephstad,19.31,40.8,Cash,Ongoing,2025-09-08 11:38:54
98,18,118,18,2025-09-09 10:00:11,2025-09-09 10:20:11,South Regina,30.89,44.91,Wallet,Cancelled,2025-09-10 16:02:23
99,20,132,20,2025-07-10 14:00:11,2025-07-10 14:06:11,New Josephburgh,3.1,7.7,Card,Cancelled,2025-09-18 12:37:48
100,47,190,47,2025-07-21 21:00:11,2025-07-21 21:43:11,Gregorytown,15.82,54.52,Cash,Cancelled,2025-09-05 15:54:21
101,5,109,5,2025-08-04 09:00:11,2025-08-04 09:44:11,Nicholsonshire,18.63,46.29,Card,Ongoing,2025-09-13 11:51:01
102,34,33,34,2025-09-18 18:00:11,2025-09-18 18:48:11,Davidbury,36.8,113.23,Cash,Completed,2025-09-17 19:48:28
103,20,152,20,2025-07-21 12:00:11,2025-07-21 12:56:11,South Cynthia,37.77,87.91,Wallet,Ongoing,2025-08-29 03:15:49
104,18,8,18,2025-07-19 12:00:11,2025-07-19 12:11:11,East Heidi,37.5,88.55,Card,Completed,2025-08-25 04:42:47
105,36,43,36,2025-07-17 06:00:11,2025-07-17 06:23:11,North Williamport,1.46,4.72,Card,Cancelled,2025-08-22 00:26:09
106,21,133,21,2025-09-08 05:00:11,2025-09-08 05:09:11,Bensonport,38.78,132.33,Card,Completed,2025-09-11 03:22:35
107,43,105,43,2025-07-27 20:00:11,2025-07-27 20:40:11,Stevensstad,20.75,60.21,Card,Cancelled,2025-08-22 03:50:40
108,5,46,5,2025-07-09 23:00:11,2025-07-09 23:42:11,New Eric,1.9,5.32,Card,Ongoing,2025-09-09 19:37:02
109,42,50,42,2025-07-19 15:00:11,2025-07-19 15:18:11,North Jamie,6.79,15.62,Wallet,Completed,2025-09-12 05:16:13
110,14,51,14,2025-07-02 04:00:11,2025-07-02 04:07:11,Port Brenda,19.7,24.1,Cash,Cancelled,2025-09-06 03:16:38
111,5,82,5,2025-09-13 04:00:11,2025-09-13 04:14:11,Port Brenda,29.08,105.54,Cash,Ongoing,2025-09-01 04:57:31
112,39,184,39,2025-08-02 04:00:11,2025-08-02 04:16:11,Moorechester,9.24,19.23,Cash,Cancelled,2025-09-02 01:25:57
113,27,95,27,2025-08-21 01:00:11,2025-08-21 01:46:11,Stevensstad,35.18,59.63,Wallet,Ongoing,2025-09-02 20:08:23
114,24,200,24,2025-07-27 23:00:11,2025-07-27 23:21:11,Bellhaven,34.67,57.86,Card,Cancelled,2025-08-26 03:00:24
115,24,163,24,2025-08-29 01:00:11,2025-08-29 01:49:11,North Jamie,14.25,51.92,Card,Cancelled,2025-09-07 21:55:56
116,45,9,45,2025-09-13 15:00:11,2025-09-13 15:07:11,Jeremiahchester,9.94,34.55,Card,Completed,2025-09-05 20:59:35
117,45,170,45,2025-08-03 16:00:11,2025-08-03 16:56:11,South Cynthia,15.28,28.36,Cash,Cancelled,2025-09-18 14:43:50
118,27,124,27,2025-09-15 12:00:11,2025-09-15 12:58:11,Glennview,28.89,78.83,Cash,Ongoing,2025-08-25 19:41:52
119,28,87,28,2025-06-27 12:00:11,2025-06-27 12:09:11,North Jodimouth,24.27,78.13,Card,Cancelled,2025-09-11 09:32:17
120,47,176,47,2025-09-17 08:00:11,2025-09-17 08:51:11,East Ericaborough,22.58,68.15,Card,Completed,2025-09-13 09:47:51
121,49,87,49,2025-09-14 05:00:11,2025-09-14 06:00:11,Rickyton,12.22,34.39,Card,Completed,2025-08-31 09:12:30
122,7,133,7,2025-08-02 05:00:11,2025-08-02 05:10:11,North Jamie,11.41,35.55,Card,Cancelled,2025-09-02 07:58:49
123,36,127,36,2025-08-01 23:00:11,2025-08-01 23:17:11,North Jodimouth,21.63,32.82,Card,Completed,2025-08-27 08:59:51
124,17,183,17,2025-08-26 20:00:11,2025-08-26 20:44:11,Ericport,9.29,27.9,Card,Completed,2025-08-22 18:28:01
125,35,22,35,2025-08-13 05:00:11,2025-08-13 05:46:11,Pattonmouth,20.95,72.0,Card,Cancelled,2025-09-13 09:23:11
126,19,142,19,2025-09-16 09:00:11,2025-09-16 09:05:11,Jeremiahchester,9.45,27.03,Cash,Completed,2025-09-16 00:47:12
127,31,75,31,2025-08-02 05:00:11,2025-08-02 05:36:11,Ericport,27.61,40.71,Cash,Ongoing,2025-09-02 19:20:24
128,3,189,3,2025-08-03 03:00:11,2025-08-03 03:19:11,Nicholsonshire,3.65,11.71,Wallet,Completed,2025-08-27 14:23:41
129,28,190,28,2025-08-02 22:00:11,2025-08-02 22:41:11,Masonside,28.27,45.64,Card,Ongoing,2025-08-26 14:41:54
130,1,60,1,2025-08-26 17:00:11,2025-08-26 17:42:11,Zacharyport,2.19,8.0,Wallet,Ongoing,2025-09-14 01:40:47
131,7,166,7,2025-09-04 22:00:11,2025-09-04 22:55:11,East Miguel,19.37,37.97,Cash,Ongoing,2025-09-17 05:58:29
132,29,165,29,2025-08-30 21:00:11,2025-08-30 21:51:11,New Josephburgh,30.82,55.29,Cash,Cancelled,2025-08-27 04:27:55
133,33,63,33,2025-07-09 14:00:11,2025-07-09 14:55:11,West Lawrenceberg,24.34,71.67,Card,Ongoing,2025-08-22 21:14:47
134,6,37,6,2025-09-12 13:00:11,2025-09-12 13:45:11,Bensonport,26.14,87.38,Wallet,Ongoing,2025-09-16 05:56:44
135,35,60,35,2025-07-16 21:00:11,2025-07-16 21:35:11,Josephstad,37.45,61.28,Wallet,Cancelled,2025-08-28 01:09:13
136,17,40,17,2025-07-15 02:00:11,2025-07-15 02:53:11,Zacharyport,28.12,57.6,Wallet,Completed,2025-09-02 03:33:33
137,39,17,39,2025-08-19 15:00:11,2025-08-19 15:56:11,West Lawrenceberg,8.98,19.71,Card,Completed,2025-09-09 23:08:22
138,6,112,6,2025-08-15 09:00:11,2025-08-15 09:57:11,Joshuaborough,1.56,2.64,Cash,Ongoing,2025-09-05 04:59:26
139,50,172,50,2025-09-18 23:00:11,2025-09-18 23:06:11,Cummingsmouth,11.97,18.44,Wallet,Cancelled,2025-09-17 03:48:48
140,28,57,28,2025-08-21 15:00:11,2025-08-21 15:11:11,Joshuaborough,39.24,90.5,Wallet,Cancelled,2025-08-26 16:43:32
141,14,90,14,2025-07-07 04:00:11,2025-07-07 04:39:11,Jeremiahchester,15.97,24.66,Cash,Completed,2025-09-19 01:22:06
142,47,132,47,2025-06-22 13:00:11,2025-06-22 13:18:11,Robertbury,24.93,55.49,Cash,Cancelled,2025-09-19 05:11:02
143,10,163,10,2025-08-24 09:00:11,2025-08-24 09:08:11,Stevensstad,21.05,58.93,Card,Cancelled,2025-09-09 06:47:18
144,24,151,24,2025-06-25 06:00:11,2025-06-25 06:48:11,East Miguel,22.19,56.46,Card,Completed,2025-09-04 03:56:49
145,35,155,35,2025-08-19 16:00:11,2025-08-19 16:19:11,Perezhaven,39.97,79.54,Wallet,Ongoing,2025-08-25 16:30:15
146,26,62,26,2025-08-14 09:00:11,2025-08-14 09:24:11,Pattonmouth,24.15,47.26,Wallet,Cancelled,2025-09-07 08:51:34
147,13,146,13,2025-07-06 14:00:11,2025-07-06 14:53:11,Davilaville,30.74,64.81,Wallet,Cancelled,2025-09-02 22:07:40
148,7,53,7,2025-08-20 07:00:11,2025-08-20 07:34:11,Steventon,26.66,88.85,Cash,Completed,2025-09-20 06:23:42
149,27,66,27,2025-07-11 04:00:11,2025-07-11 04:37:11,Moorechester,36.35,127.34,Cash,Completed,2025-09-02 12:13:23
150,2,125,2,2025-07-30 14:00:11,2025-07-30 14:57:11,Bradleytown,39.79,134.17,Cash,Ongoing,2025-09-11 22:26:51
151,45,141,45,2025-08-26 05:00:11,2025-08-26 05:49:11,Masonside,39.41,81.75,Cash,Ongoing,2025-09-11 17:27:12
152,32,189,32,2025-08-11 05:00:11,2025-08-11 05:56:11,East Heidi,25.51,90.59,Wallet,Ongoing,2025-08-31 13:16:52
153,49,38,49,2025-06-28 10:00:11,2025-06-28 10:30:11,Gregorytown,22.18,83.98,Wallet,Ongoing,2025-09-05 01:39:28
154,49,149,49,2025-08-13 02:00:11,2025-08-13 02:42:11,New Eric,7.07,15.73,Wallet,Cancelled,2025-08-27 22:28:01
155,36,149,36,2025-08-17 23:00:11,2025-08-17 23:34:11,Cummingsmouth,11.67,42.88,Cash,Cancelled,2025-09-19 23:27:04
156,18,194,18,2025-07-10 04:00:11,2025-07-10 05:00:11,Jasonborough,37.38,60.86,Wallet,Cancelled,2025-08-23 13:04:13
157,45,91,45,2025-06-28 03:00:11,2025-06-28 03:44:11,Glennview,23.79,85.77,Card,Cancelled,2025-08-30 02:43:43
158,12,199,12,2025-08-18 16:00:11,2025-08-18 16:48:11,Davidbury,12.56,23.19,Cash,Ongoing,2025-09-13 03:10:29
159,42,191,42,2025-08-21 23:00:11,2025-08-21 23:31:11,Davidbury,23.5,38.27,Card,Completed,2025-08-25 21:02:20
160,2,189,2,2025-08-13 00:00:11,2025-08-13 00:54:11,Jasonborough,10.62,32.1,Wallet,Completed,2025-09-12 02:57:10
161,8,182,8,2025-08-21 09:00:11,2025-08-21 09:40:11,Nicholsonshire,30.07,106.41,Cash,Completed,2025-09-11 21:46:23
162,22,194,22,2025-07-12 02:00:11,2025-07-12 02:51:11,East Stephen,33.29,80.82,Card,Completed,2025-09-06 08:52:14
163,38,185,38,2025-06-23 23:00:11,2025-06-23 23:13:11,Zacharyport,1.97,3.19,Wallet,Cancelled,2025-08-25 23:31:07
164,32,87,32,2025-08-23 08:00:11,2025-08-23 08:32:11,Bensonport,27.19,62.26,Wallet,Cancelled,2025-08-21 19:43:30
165,24,195,24,2025-08-22 15:00:11,2025-08-22 15:58:11,Lake Davidport,39.57,103.01,Wallet,Cancelled,2025-08-22 11:09:21
166,6,90,6,2025-06-29 17:00:11,2025-06-29 17:17:11,New Eric,10.52,36.84,Cash,Completed,2025-09-15 14:37:07
167,6,79,6,2025-08-01 06:00:11,2025-08-01 06:13:11,South Regina,8.96,17.81,Card,Completed,2025-09-14 21:53:44
168,20,164,20,2025-08-29 22:00:11,2025-08-29 22:57:11,Bradleytown,32.81,109.81,Card,Completed,2025-09-04 19:18:56
169,21,62,21,2025-08-27 08:00:11,2025-08-27 08:17:11,New Eric,27.09,85.07,Card,Ongoing,2025-09-06 21:39:38
170,9,93,9,2025-07-26 22:00:11,2025-07-26 22:06:11,Josephstad,1.88,4.3,Wallet,Ongoing,2025-09-14 16:25:33
171,26,46,26,2025-07-04 02:00:11,2025-07-04 02:27:11,Steventon,6.77,8.4,Card,Cancelled,2025-09-10 06:16:42
172,3,1,3,2025-08-27 12:00:11,2025-08-27 12:21:11,South Cynthia,37.29,121.73,Cash,Cancelled,2025-09-12 22:43:45
173,32,103,32,2025-08-29 10:00:11,2025-08-29 10:40:11,Port Brenda,22.07,82.45,Wallet,Cancelled,2025-09-04 23:13:15
174,48,13,48,2025-07-14 17:00:11,2025-07-14 17:27:11,Ericport,28.48,100.16,Cash,Cancelled,2025-09-19 09:12:20
175,15,103,15,2025-08-01 22:00:11,2025-08-01 22:15:11,Daviesview,36.32,85.69,Cash,Ongoing,2025-09-04 13:20:24
176,49,186,49,2025-06-30 14:00:11,2025-06-30 14:47:11,Bradleytown,39.12,60.2,Card,Cancelled,2025-09-17 07:27:47
177,38,36,38,2025-06-26 11:00:11,2025-06-26 12:00:11,Orrburgh,15.86,57.51,Wallet,Ongoing,2025-09-07 22:53:17
178,35,166,35,2025-07-21 04:00:11,2025-07-21 04:52:11,Cummingsmouth,12.8,27.65,Card,Ongoing,2025-08-30 07:39:51
179,30,127,30,2025-07-27 05:00:11,2025-07-27 05:15:11,Gregorytown,2.8,8.8,Cash,Ongoing,2025-08-26 20:48:44
180,43,67,43,2025-08-13 13:00:11,2025-08-13 13:34:11,Nicholsonshire,32.57,80.3,Cash,Ongoing,2025-09-02 08:52:30
181,40,160,40,2025-07-30 09:00:11,2025-07-30 09:51:11,Lake Davidport,28.79,57.4,Cash,Cancelled,2025-08-24 14:25:26
182,38,197,38,2025-06-22 01:00:11,2025-06-22 01:35:11,South Regina,12.08,14.99,Card,Cancelled,2025-08-22 22:36:41
183,33,51,33,2025-08-23 18:00:11,2025-08-23 18:56:11,South Regina,34.92,92.53,Wallet,Completed,2025-09-18 11:33:32
184,20,59,20,2025-07-25 12:00:11,2025-07-25 12:49:11,Zacharyport,8.19,27.08,Card,Cancelled,2025-09-02 18:07:39
185,5,127,5,2025-07-24 03:00:11,2025-07-24 03:39:11,Perezhaven,19.21,61.42,Card,Ongoing,2025-08-26 17:05:26
186,39,28,39,2025-07-14 13:00:11,2025-07-14 13:17:11,Steventon,26.02,96.79,Card,Completed,2025-09-16 09:40:06
187,24,18,24,2025-08-21 11:00:11,2025-08-21 11:37:11,Woodstown,21.19,43.2,Card,Completed,2025-08-25 13:18:05
188,29,55,29,2025-07-31 19:00:11,2025-07-31 19:19:11,Perezhaven,37.14,60.63,Cash,Completed,2025-08-20 17:31:33
189,5,130,5,2025-09-10 16:00:11,2025-09-10 16:36:11,Shawnfurt,11.52,36.96,Cash,Ongoing,2025-08-29 23:36:26
190,14,144,14,2025-09-02 12:00:11,2025-09-02 12:41:11,East Heidi,14.04,18.66,Wallet,Completed,2025-08-26 02:32:18
191,48,139,48,2025-08-03 03:00:11,2025-08-03 03:10:11,South Amandamouth,36.94,100.5,Wallet,Cancelled,2025-08-27 21:36:01
192,30,39,30,2025-07-21 21:00:11,2025-07-21 21:18:11,East Heidi,38.83,137.48,Cash,Ongoing,2025-09-15 08:52:26
193,10,163,10,2025-08-24 08:00:11,2025-08-24 08:26:11,Perezhaven,36.66,47.58,Cash,Cancelled,2025-08-25 17:39:28
194,49,111,49,2025-09-20 02:00:11,2025-09-20 02:09:11,Jasonborough,9.61,19.64,Cash,Ongoing,2025-08-23 08:08:15
195,22,99,22,2025-07-01 09:00:11,2025-07-01 09:44:11,North Susanstad,10.27,19.82,Cash,Cancelled,2025-09-09 16:18:06
196,25,31,25,2025-08-03 09:00:11,2025-08-03 09:29:11,Masonside,28.18,77.04,Card,Completed,2025-09-12 01:07:13
197,46,198,46,2025-09-11 00:00:11,2025-09-11 00:34:11,Robertbury,22.56,45.01,Wallet,Ongoing,2025-09-03 15:09:26
198,26,101,26,2025-07-01 22:00:11,2025-07-01 22:12:11,Steventon,23.26,74.58,Card,Ongoing,2025-09-17 23:46:14
199,20,198,20,2025-07-05 01:00:11,2025-07-05 01:12:11,Gregorytown,35.89,47.02,Wallet,Completed,2025-09-08 01:58:08
200,41,37,41,2025-08-09 06:00:11,2025-08-09 06:52:11,Josephstad,1.9,4.53,Cash,Cancelled,2025-09-09 11:05:40
201,2,187,2,2025-09-04 04:00:11,2025-09-04 04:21:11,Port Brenda,23.65,63.36,Card,Completed,2025-09-18 06:15:10
202,6,4,6,2025-09-13 06:00:11,2025-09-13 06:34:11,East Stephen,22.99,59.97,Wallet,Ongoing,2025-09-03 03:47:02
203,38,151,38,2025-09-01 16:00:11,2025-09-01 16:54:11,Lake Davidport,11.3,21.59,Card,Completed,2025-08-29 18:51:13
204,10,141,10,2025-08-26 09:00:11,2025-08-26 09:16:11,Jasonborough,12.47,37.25,Cash,Cancelled,2025-09-03 00:23:09
205,12,73,12,2025-07-01 16:00:11,2025-07-01 16:36:11,North Jamie,22.91,64.72,Card,Completed,2025-09-14 12:01:21
206,18,159,18,2025-07-22 22:00:11,2025-07-22 22:07:11,Pattonmouth,10.95,16.79,Wallet,Ongoing,2025-09-18 20:49:44
207,44,44,44,2025-07-28 20:00:11,2025-07-28 20:40:11,Mccarthybury,17.74,65.26,Cash,Ongoing,2025-09-16 00:03:47
208,8,70,8,2025-07-13 11:00:11,2025-07-13 11:39:11,Bradleytown,5.19,15.73,Wallet,Cancelled,2025-08-30 09:07:17
209,41,122,41,2025-09-11 12:00:11,2025-09-11 12:47:11,Robertbury,26.21,45.35,Card,Completed,2025-08-27 19:48:01
210,36,107,36,2025-08-17 13:00:11,2025-08-17 13:53:11,South Amandamouth,12.1,44.36,Cash,Cancelled,2025-09-02 03:26:01
211,43,66,43,2025-08-12 23:00:11,2025-08-12 23:22:11,New Josephburgh,31.08,80.55,Card,Completed,2025-09-02 08:17:23
212,48,47,48,2025-07-24 01:00:11,2025-07-24 01:24:11,Moorechester,35.5,103.42,Cash,Completed,2025-09-19 10:08:26
213,11,46,11,2025-08-04 20:00:11,2025-08-04 20:14:11,New Josephburgh,10.24,13.39,Cash,Completed,2025-08-27 18:03:28
214,16,15,16,2025-09-05 06:00:11,2025-09-05 06:21:11,East Ericaborough,17.74,56.37,Card,Cancelled,2025-09-01 00:41:55
215,50,42,50,2025-09-19 14:00:11,2025-09-19 14:26:11,Davilaville,1.29,2.84,Cash,Completed,2025-09-17 16:02:45
216,9,75,9,2025-09-05 19:00:11,2025-09-05 19:25:11,Davilaville,32.15,110.45,Cash,Cancelled,2025-09-10 08:23:31
217,46,54,46,2025-07-26 03:00:11,2025-07-26 03:08:11,South Regina,8.44,24.15,Wallet,Cancelled,2025-09-11 17:55:00
218,17,153,17,2025-08-13 22:00:11,2025-08-13 22:37:11,Pattonmouth,9.03,17.94,Cash,Completed,2025-08-26 15:19:28
219,4,159,4,2025-08-13 00:00:11,2025-08-13 00:22:11,Glennview,14.83,51.14,Wallet,Ongoing,2025-09-13 01:15:15
220,6,59,6,2025-09-17 22:00:11,2025-09-17 22:54:11,Steventon,3.77,8.08,Cash,Completed,2025-09-19 07:38:47
221,20,28,20,2025-09-12 02:00:11,2025-09-12 02:14:11,Josephstad,2.64,4.86,Wallet,Ongoing,2025-09-04 07:55:47
222,29,197,29,2025-08-04 12:00:11,2025-08-04 12:40:11,Port Brenda,32.14,53.76,Wallet,Ongoing,2025-08-20 21:10:06
223,39,129,39,2025-09-15 21:00:11,2025-09-15 21:10:11,East Miguel,20.82,42.68,Cash,Cancelled,2025-08-25 17:28:04
224,35,82,35,2025-07-10 09:00:11,2025-07-10 09:25:11,East Miguel,17.54,46.87,Cash,Ongoing,2025-08-23 23:40:02
225,42,56,42,2025-06-22 10:00:11,2025-06-22 10:05:11,Craigland,1.93,4.62,Cash,Cancelled,2025-08-25 01:31:36
226,44,10,44,2025-07-01 04:00:11,2025-07-01 04:51:11,West Lacey,23.3,85.49,Cash,Cancelled,2025-09-19 13:30:52
227,8,84,8,2025-07-04 23:00:11,2025-07-04 23:22:11,Bensonport,30.25,76.17,Wallet,Ongoing,2025-09-06 10:51:18
228,15,30,15,2025-06-29 00:00:11,2025-06-29 00:57:11,Gregorytown,10.62,31.29,Wallet,Completed,2025-08-23 11:09:51
229,12,183,12,2025-08-21 23:00:11,2025-08-21 23:40:11,Zacharyport,32.49,106.9,Cash,Ongoing,2025-08-27 08:17:27
230,49,29,49,2025-09-19 21:00:11,2025-09-19 21:43:11,East Stephen,31.46,96.32,Cash,Ongoing,2025-09-08 22:57:09
231,26,147,26,2025-08-12 14:00:11,2025-08-12 14:34:11,Jasonborough,13.49,32.21,Card,Cancelled,2025-08-28 07:19:26
232,8,135,8,2025-09-17 07:00:11,2025-09-17 07:49:11,Cummingsmouth,23.39,49.74,Card,Ongoing,2025-08-30 15:44:28
233,1,165,1,2025-09-07 17:00:11,2025-09-07 17:16:11,North Jodimouth,37.99,97.41,Cash,Cancelled,2025-09-11 23:08:28
234,32,80,32,2025-09-18 15:00:11,2025-09-18 15:23:11,Josephstad,22.2,82.76,Wallet,Completed,2025-09-14 22:27:17
235,25,70,25,2025-08-14 15:00:11,2025-08-14 15:12:11,Steventon,10.52,36.37,Wallet,Cancelled,2025-08-25 12:48:56
236,6,125,6,2025-08-29 04:00:11,2025-08-29 04:58:11,South Regina,13.37,35.33,Card,Ongoing,2025-08-24 04:11:10
237,23,6,23,2025-08-06 23:00:11,2025-08-06 23:44:11,North Williamport,16.95,23.17,Card,Cancelled,2025-09-04 10:48:03
238,6,99,6,2025-08-07 09:00:11,2025-08-07 09:32:11,North Susanstad,29.97,67.89,Card,Cancelled,2025-09-07 23:52:01
239,48,16,48,2025-08-10 06:00:11,2025-08-10 06:29:11,Rickyton,18.13,50.29,Card,Cancelled,2025-09-06 15:02:20
240,14,138,14,2025-08-29 17:00:11,2025-08-29 17:18:11,South Amandamouth,37.87,127.23,Wallet,Cancelled,2025-08-24 09:30:29
241,21,17,21,2025-06-26 15:00:11,2025-06-26 15:22:11,Jeremiahchester,22.55,59.73,Wallet,Completed,2025-09-09 06:12:11
242,47,168,47,2025-09-16 02:00:11,2025-09-16 02:35:11,Craigland,36.23,135.96,Wallet,Ongoing,2025-09-11 02:20:20
243,49,58,49,2025-07-04 17:00:11,2025-07-04 17:38:11,Ericport,4.32,14.08,Cash,Cancelled,2025-08-25 16:06:19
244,48,83,48,2025-09-05 08:00:11,2025-09-05 08:47:11,Robertbury,26.15,82.29,Wallet,Cancelled,2025-09-08 00:17:55
245,30,112,30,2025-08-04 02:00:11,2025-08-04 03:00:11,North Christophermouth,23.17,83.29,Wallet,Ongoing,2025-08-21 01:29:39
246,7,80,7,2025-09-04 00:00:11,2025-09-04 00:21:11,East Stephen,38.44,53.0,Card,Ongoing,2025-09-07 21:33:11
247,36,171,36,2025-08-30 03:00:11,2025-08-30 03:05:11,North Christophermouth,26.99,94.85,Cash,Completed,2025-08-25 18:42:16
248,29,94,29,2025-08-20 07:00:11,2025-08-20 07:38:11,Bradleytown,28.29,102.2,Cash,Cancelled,2025-09-07 15:12:27
249,40,175,40,2025-09-07 00:00:11,2025-09-07 00:48:11,New Josephburgh,34.01,101.77,Cash,Completed,2025-09-18 17:48:02
250,45,93,45,2025-07-09 04:00:11,2025-07-09 04:27:11,Stevensstad,28.84,65.36,Wallet,Cancelled,2025-09-07 13:39:15
251,50,185,50,2025-08-27 06:00:11,2025-08-27 06:06:11,Glennview,4.14,13.85,Card,Cancelled,2025-09-17 01:00:20
252,37,65,37,2025-09-17 17:00:11,2025-09-17 17:05:11,Daviesview,20.0,28.55,Card,Ongoing,2025-08-31 00:21:39
253,18,119,18,2025-08-09 03:00:11,2025-08-09 03:48:11,Mccarthybury,30.17,72.98,Card,Cancelled,2025-09-17 14:46:21
254,8,161,8,2025-07-01 23:00:11,2025-07-01 23:58:11,Joshuaborough,15.42,18.62,Card,Cancelled,2025-09-11 15:12:11
255,22,132,22,2025-07-08 22:00:11,2025-07-08 22:20:11,Bensonport,28.26,94.69,Cash,Ongoing,2025-09-09 00:41:02
256,5,62,5,2025-07-06 13:00:11,2025-07-06 13:15:11,Stevensstad,6.84,14.59,Card,Completed,2025-08-25 17:21:47
257,41,4,41,2025-07-26 21:00:11,2025-07-26 21:46:11,Joshuaborough,4.71,12.75,Cash,Cancelled,2025-08-24 07:30:01
258,29,131,29,2025-07-01 12:00:11,2025-07-01 12:53:11,Stevensstad,24.09,81.26,Cash,Cancelled,2025-09-01 14:32:52
259,15,49,15,2025-09-01 06:00:11,2025-09-01 06:07:11,Lake Davidport,13.75,26.08,Wallet,Completed,2025-08-29 08:31:10
260,31,177,31,2025-07-19 14:00:11,2025-07-19 14:16:11,Glennview,30.03,89.42,Cash,Completed,2025-09-03 04:58:04
261,21,57,21,2025-06-28 11:00:11,2025-06-28 11:40:11,Rickyton,29.54,60.97,Cash,Cancelled,2025-09-07 07:16:52
262,31,123,31,2025-09-19 16:00:11,2025-09-19 16:55:11,East Heidi,19.77,51.22,Wallet,Cancelled,2025-09-03 11:54:43
263,23,114,23,2025-09-20 03:00:11,2025-09-20 03:34:11,Moorechester,36.14,98.71,Cash,Ongoing,2025-09-06 07:41:00
264,38,101,38,2025-07-19 10:00:11,2025-07-19 10:16:11,Stevensstad,26.84,50.16,Card,Completed,2025-08-23 11:21:08
265,35,49,35,2025-08-31 12:00:11,2025-08-31 12:42:11,Glennview,10.9,38.12,Cash,Cancelled,2025-08-30 00:31:01
266,46,184,46,2025-07-01 16:00:11,2025-07-01 16:15:11,Bellhaven,15.78,25.03,Cash,Ongoing,2025-08-26 07:54:14
267,38,59,38,2025-09-05 22:00:11,2025-09-05 22:35:11,Daviesview,38.92,87.99,Cash,Ongoing,2025-08-21 20:51:20
268,32,112,32,2025-09-13 14:00:11,2025-09-13 14:46:11,Glennview,18.61,29.01,Card,Ongoing,2025-09-02 23:14:23
269,21,193,21,2025-08-05 01:00:11,2025-08-05 01:35:11,Perezhaven,21.69,55.7,Cash,Completed,2025-08-31 14:15:26
270,14,174,14,2025-07-23 12:00:11,2025-07-23 12:57:11,New Josephburgh,34.77,94.72,Wallet,Ongoing,2025-08-31 09:00:53
271,18,52,18,2025-09-13 20:00:11,2025-09-13 20:22:11,South Cynthia,3.31,7.23,Card,Cancelled,2025-08-30 17:23:42
272,40,123,40,2025-07-04 06:00:11,2025-07-04 06:31:11,Craigland,14.93,49.54,Card,Cancelled,2025-09-01 01:27:46
273,36,138,36,2025-08-10 04:00:11,2025-08-10 04:31:11,Pattonmouth,3.58,12.86,Wallet,Ongoing,2025-09-07 22:23:35
274,4,146,4,2025-09-03 06:00:11,2025-09-03 06:25:11,North Jodimouth,15.89,48.76,Cash,Ongoing,2025-09-08 06:45:13
275,23,158,23,2025-08-13 12:00:11,2025-08-13 12:29:11,Josephstad,15.42,23.11,Cash,Ongoing,2025-09-13 09:21:05
276,6,199,6,2025-07-25 14:00:11,2025-07-25 14:42:11,East Miguel,31.13,48.3,Card,Completed,2025-09-02 17:16:13
277,15,198,15,2025-06-24 21:00:11,2025-06-24 21:05:11,South Regina,34.86,113.53,Wallet,Completed,2025-09-07 04:04:37
278,14,154,14,2025-07-31 12:00:11,2025-07-31 12:06:11,East Ericaborough,17.37,57.59,Wallet,Ongoing,2025-09-01 14:45:42
279,21,108,21,2025-08-23 23:00:11,2025-08-23 23:43:11,East Ericaborough,6.48,14.64,Card,Ongoing,2025-09-15 13:07:14
280,48,49,48,2025-08-19 03:00:11,2025-08-19 03:17:11,West Lacey,34.47,83.33,Wallet,Completed,2025-09-16 22:00:44
281,35,106,35,2025-08-08 22:00:11,2025-08-08 22:35:11,New Josephburgh,9.18,24.59,Card,Cancelled,2025-09-17 10:25:51
282,1,7,1,2025-08-12 04:00:11,2025-08-12 04:32:11,West Lacey,14.48,31.49,Cash,Ongoing,2025-09-03 20:16:42
283,47,8,47,2025-06-25 09:00:11,2025-06-25 09:10:11,Jimenezview,39.45,53.33,Card,Ongoing,2025-09-02 09:34:44
284,47,62,47,2025-08-09 23:00:11,2025-08-09 23:10:11,North Susanstad,6.61,21.36,Wallet,Cancelled,2025-09-11 02:56:40
285,17,153,17,2025-07-16 10:00:11,2025-07-16 10:36:11,Shawnfurt,22.17,45.54,Card,Cancelled,2025-08-22 17:00:53
286,27,103,27,2025-06-26 17:00:11,2025-06-26 17:28:11,Shawnfurt,37.34,69.72,Card,Completed,2025-09-18 06:08:56
287,34,34,34,2025-08-27 05:00:11,2025-08-27 05:52:11,Craigland,23.54,68.75,Cash,Completed,2025-09-01 23:32:08
288,23,59,23,2025-09-01 15:00:11,2025-09-01 15:05:11,Cummingsmouth,23.13,87.83,Cash,Cancelled,2025-09-19 21:04:47
289,41,182,41,2025-08-27 05:00:11,2025-08-27 05:33:11,South Karenstad,38.25,53.09,Wallet,Completed,2025-08-31 14:32:18
290,17,140,17,2025-07-13 04:00:11,2025-07-13 04:48:11,Cummingsmouth,39.1,86.47,Wallet,Cancelled,2025-09-01 14:41:35
291,28,75,28,2025-08-20 23:00:11,2025-08-20 23:18:11,Jimenezview,4.26,16.12,Card,Completed,2025-08-29 14:50:07
292,19,14,19,2025-07-31 09:00:11,2025-07-31 09:48:11,Nicholsonshire,8.11,22.69,Wallet,Ongoing,2025-08-29 21:46:05
293,45,92,45,2025-08-16 03:00:11,2025-08-16 03:42:11,South Regina,7.88,20.04,Card,Ongoing,2025-09-03 12:16:46
294,34,4,34,2025-08-28 12:00:11,2025-08-28 12:39:11,Moorechester,19.74,26.1,Cash,Completed,2025-08-23 19:14:14
295,10,153,10,2025-08-07 10:00:11,2025-08-07 10:20:11,New Eric,39.35,121.81,Wallet,Cancelled,2025-08-26 23:16:35
296,8,147,8,2025-09-08 12:00:11,2025-09-08 12:43:11,Ericport,4.85,12.62,Wallet,Cancelled,2025-09-13 01:27:03
297,38,70,38,2025-08-29 10:00:11,2025-08-29 10:52:11,Ericport,32.63,98.14,Wallet,Completed,2025-08-29 05:14:32
298,30,191,30,2025-06-26 21:00:11,2025-06-26 21:39:11,Shawnfurt,2.21,7.51,Card,Cancelled,2025-09-19 21:21:05
299,17,93,17,2025-08-20 04:00:11,2025-08-20 04:51:11,Moorechester,39.67,48.43,Cash,Ongoing,2025-08-21 09:16:16
300,36,153,36,2025-07-10 19:00:11,2025-07-10 19:09:11,Jeremiahchester,38.22,107.06,Wallet,Ongoing,2025-09-18 13:12:47
301,23,69,23,2025-07-15 06:00:11,2025-07-15 06:31:11,South Regina,37.62,84.4,Card,Cancelled,2025-08-21 08:51:05
302,43,10,43,2025-07-07 16:00:11,2025-07-07 16:53:11,Daviesview,1.89,6.48,Wallet,Completed,2025-09-15 00:20:05
303,30,195,30,2025-08-22 06:00:11,2025-08-22 06:59:11,Shawnfurt,35.62,53.72,Wallet,Cancelled,2025-08-28 22:23:27
304,29,134,29,2025-09-08 06:00:11,2025-09-08 06:35:11,New Josephburgh,19.14,28.04,Cash,Completed,2025-09-10 20:46:00
305,13,5,13,2025-08-03 18:00:11,2025-08-03 18:07:11,North Susanstad,5.72,10.17,Card,Cancelled,2025-08-22 09:29:31
306,28,3,28,2025-07-06 00:00:11,2025-07-06 00:57:11,North Susanstad,23.67,79.73,Cash,Completed,2025-09-16 04:01:15
307,12,135,12,2025-07-17 22:00:11,2025-07-17 22:27:11,Josephstad,29.07,48.18,Card,Ongoing,2025-09-20 03:47:10
308,43,15,43,2025-09-11 19:00:11,2025-09-11 19:40:11,North Christophermouth,16.03,50.44,Card,Ongoing,2025-08-24 03:22:09
309,27,99,27,2025-09-14 23:00:11,2025-09-14 23:55:11,East Miguel,16.06,23.33,Cash,Completed,2025-08-23 05:13:55
310,14,110,14,2025-08-21 07:00:11,2025-08-21 07:12:11,Cummingsmouth,3.78,14.16,Cash,Cancelled,2025-08-31 09:07:54
311,6,28,6,2025-08-02 04:00:11,2025-08-02 04:42:11,Woodstown,37.69,103.82,Cash,Completed,2025-08-21 21:57:52
312,39,146,39,2025-09-12 15:00:11,2025-09-12 15:43:11,South Cynthia,5.43,18.76,Card,Completed,2025-09-03 04:41:17
313,41,89,41,2025-09-09 20:00:11,2025-09-09 20:57:11,Nicholsonshire,15.4,52.75,Cash,Cancelled,2025-09-17 07:20:07
314,38,93,38,2025-08-10 06:00:11,2025-08-10 06:19:11,New Josephburgh,39.2,118.66,Cash,Ongoing,2025-09-12 04:08:02
315,23,200,23,2025-09-09 10:00:11,2025-09-09 10:26:11,Glennview,24.01,45.03,Card,Cancelled,2025-08-27 20:56:49
316,50,20,50,2025-09-12 06:00:11,2025-09-12 06:53:11,North Christophermouth,26.22,65.25,Wallet,Completed,2025-08-26 03:18:43
317,10,53,10,2025-07-16 13:00:11,2025-07-16 13:52:11,Bensonport,6.04,18.64,Cash,Cancelled,2025-08-27 18:39:27
318,33,113,33,2025-08-05 09:00:11,2025-08-05 09:55:11,Shawnfurt,34.82,49.87,Cash,Ongoing,2025-09-12 15:36:24
319,12,191,12,2025-07-20 14:00:11,2025-07-20 14:56:11,Moorechester,13.07,46.06,Card,Ongoing,2025-09-12 19:53:25
320,34,152,34,2025-09-11 05:00:11,2025-09-11 05:54:11,Ericport,39.88,151.38,Card,Cancelled,2025-08-28 22:15:08
321,31,11,31,2025-08-21 15:00:11,2025-08-21 15:21:11,Josephstad,27.94,66.36,Cash,Completed,2025-09-16 03:49:39
322,48,7,48,2025-08-28 02:00:11,2025-08-28 02:55:11,Lake Davidport,38.45,101.7,Wallet,Ongoing,2025-08-28 10:37:06
323,20,193,20,2025-07-24 04:00:11,2025-07-24 04:12:11,Davilaville,19.2,31.84,Cash,Ongoing,2025-08-28 03:15:39
324,31,79,31,2025-07-28 07:00:11,2025-07-28 07:42:11,Steventon,27.45,36.88,Cash,Ongoing,2025-08-25 16:22:08
325,12,59,12,2025-07-03 07:00:11,2025-07-03 08:00:11,New Josephburgh,39.94,135.46,Cash,Ongoing,2025-08-23 04:30:35
326,43,8,43,2025-09-05 02:00:11,2025-09-05 02:40:11,Gregorytown,4.2,13.97,Card,Cancelled,2025-09-01 20:43:51
327,1,58,1,2025-07-15 00:00:11,2025-07-15 00:30:11,Jimenezview,22.52,38.0,Card,Cancelled,2025-08-29 17:23:59
328,26,193,26,2025-08-09 17:00:11,2025-08-09 17:40:11,Pattonmouth,12.62,43.52,Wallet,Completed,2025-08-26 19:05:52
329,20,159,20,2025-09-02 09:00:11,2025-09-02 09:18:11,West Lacey,5.18,7.06,Wallet,Cancelled,2025-09-13 08:01:45
330,8,172,8,2025-08-23 07:00:11,2025-08-23 07:57:11,North Jodimouth,32.64,111.4,Cash,Ongoing,2025-09-14 09:07:11
331,2,4,2,2025-08-06 22:00:11,2025-08-06 22:16:11,Jeremiahchester,26.4,42.45,Card,Cancelled,2025-09-12 19:57:35
332,21,188,21,2025-08-21 19:00:11,2025-08-21 19:59:11,Moorechester,12.29,16.19,Card,Cancelled,2025-09-11 22:50:37
333,16,16,16,2025-07-29 16:00:11,2025-07-29 16:33:11,Gregorytown,25.83,41.75,Cash,Completed,2025-09-12 00:00:37
334,3,28,3,2025-09-04 23:00:11,2025-09-04 23:31:11,Davidbury,11.36,24.13,Cash,Cancelled,2025-09-10 10:24:41
335,40,134,40,2025-08-13 09:00:11,2025-08-13 09:39:11,Lake Davidport,20.71,76.7,Cash,Ongoing,2025-09-16 12:19:33
336,20,183,20,2025-06-24 16:00:11,2025-06-24 16:55:11,Davidbury,28.97,81.47,Cash,Cancelled,2025-09-04 00:11:12
337,1,14,1,2025-09-05 13:00:11,2025-09-05 13:12:11,Zacharyport,22.26,77.46,Cash,Cancelled,2025-09-07 09:16:42
338,8,26,8,2025-07-13 21:00:11,2025-07-13 21:45:11,Nicholsonshire,7.03,26.07,Cash,Cancelled,2025-08-27 13:12:18
339,39,114,39,2025-08-20 09:00:11,2025-08-20 09:55:11,Orrburgh,6.23,12.27,Card,Ongoing,2025-09-08 11:47:53
340,12,134,12,2025-06-30 10:00:11,2025-06-30 10:59:11,Cummingsmouth,30.17,62.42,Card,Completed,2025-09-01 14:08:29
341,11,198,11,2025-07-26 05:00:11,2025-07-26 05:48:11,North Williamport,18.5,50.01,Wallet,Ongoing,2025-09-13 09:21:39
342,49,167,49,2025-09-02 04:00:11,2025-09-02 04:17:11,South Regina,12.87,16.87,Cash,Completed,2025-09-12 09:29:12
343,29,92,29,2025-08-20 13:00:11,2025-08-20 13:23:11,Bensonport,5.03,10.31,Wallet,Completed,2025-09-05 11:14:13
344,26,53,26,2025-08-24 05:00:11,2025-08-24 05:58:11,Craigland,22.47,35.49,Cash,Completed,2025-08-27 23:59:40
345,43,91,43,2025-08-29 08:00:11,2025-08-29 08:18:11,Rickyton,9.46,17.63,Card,Cancelled,2025-09-18 17:45:47
346,1,41,1,2025-08-01 02:00:11,2025-08-01 02:27:11,Pattonmouth,39.14,92.61,Wallet,Ongoing,2025-09-10 18:31:16
347,3,47,3,2025-08-16 08:00:11,2025-08-16 08:50:11,Masonside,15.45,34.66,Card,Completed,2025-09-14 08:35:14
348,6,130,6,2025-08-29 08:00:11,2025-08-29 08:30:11,North Susanstad,21.18,76.13,Card,Ongoing,2025-09-04 06:57:30
349,37,115,37,2025-07-13 23:00:11,2025-07-13 23:43:11,Orrburgh,18.8,70.63,Wallet,Cancelled,2025-09-14 05:51:02
350,15,197,15,2025-07-04 04:00:11,2025-07-04 04:08:11,North Jodimouth,32.53,90.35,Card,Completed,2025-08-25 16:15:12
351,18,35,18,2025-08-25 14:00:11,2025-08-25 14:49:11,Moorechester,3.8,9.5,Wallet,Ongoing,2025-08-20 20:29:02
352,25,104,25,2025-07-26 10:00:11,2025-07-26 10:22:11,Joshuaborough,31.42,108.92,Card,Ongoing,2025-09-18 19:41:36
353,17,90,17,2025-07-09 10:00:11,2025-07-09 10:29:11,West Lawrenceberg,10.24,29.95,Cash,Completed,2025-09-12 08:18:08
354,23,26,23,2025-07-19 22:00:11,2025-07-19 22:45:11,Josephstad,2.09,5.84,Card,Completed,2025-09-16 22:14:12
355,4,188,4,2025-09-07 03:00:11,2025-09-07 03:09:11,Moorechester,35.32,44.96,Card,Ongoing,2025-08-23 20:47:33
356,39,196,39,2025-07-20 14:00:11,2025-07-20 14:49:11,West Lawrenceberg,29.6,44.22,Cash,Completed,2025-08-27 01:36:12
357,44,145,44,2025-07-04 09:00:11,2025-07-04 09:07:11,North Jamie,30.08,43.77,Card,Cancelled,2025-09-12 07:54:21
358,23,39,23,2025-08-15 21:00:11,2025-08-15 21:37:11,Moorechester,8.53,19.39,Card,Cancelled,2025-08-31 11:41:01
359,20,99,20,2025-06-30 21:00:11,2025-06-30 21:30:11,Moorechester,11.14,32.96,Wallet,Completed,2025-09-04 05:47:07
360,32,105,32,2025-06-22 21:00:11,2025-06-22 21:58:11,Joshuaborough,13.73,33.35,Card,Completed,2025-09-06 07:44:08
361,15,186,15,2025-08-08 10:00:11,2025-08-08 10:16:11,West Lacey,12.54,26.89,Card,Completed,2025-09-06 19:13:18
362,32,62,32,2025-09-18 11:00:11,2025-09-18 11:52:11,Perezhaven,15.17,25.52,Card,Completed,2025-09-04 14:07:58
363,9,33,9,2025-07-22 18:00:11,2025-07-22 18:30:11,East Stephen,10.04,36.72,Card,Cancelled,2025-09-14 03:15:11
364,40,200,40,2025-08-29 10:00:11,2025-08-29 10:56:11,Gregorytown,14.57,28.1,Card,Ongoing,2025-08-31 08:51:13
365,39,187,39,2025-07-27 11:00:11,2025-07-27 11:08:11,Moorechester,30.47,96.29,Cash,Cancelled,2025-08-21 06:54:27
366,34,111,34,2025-08-12 23:00:11,2025-08-12 23:29:11,Perezhaven,13.79,35.73,Cash,Cancelled,2025-09-01 06:45:43
367,40,48,40,2025-08-30 17:00:11,2025-08-30 17:33:11,Davilaville,18.53,57.09,Card,Cancelled,2025-09-08 20:15:36
368,27,134,27,2025-07-22 22:00:11,2025-07-22 22:08:11,Woodstown,11.3,27.15,Wallet,Completed,2025-09-08 07:02:00
369,48,25,48,2025-07-30 21:00:11,2025-07-30 21:15:11,Glennview,38.68,70.76,Cash,Cancelled,2025-09-03 08:16:46
370,1,88,1,2025-07-27 02:00:11,2025-07-27 02:46:11,Jasonborough,36.64,59.63,Card,Cancelled,2025-08-30 12:29:37
371,16,60,16,2025-07-29 09:00:11,2025-07-29 09:32:11,Glennview,24.83,81.79,Card,Completed,2025-08-26 05:37:20
372,50,197,50,2025-09-10 08:00:11,2025-09-10 08:07:11,New Eric,39.63,147.83,Card,Cancelled,2025-08-20 17:08:35
373,50,30,50,2025-09-06 01:00:11,2025-09-06 01:12:11,New Josephburgh,30.76,101.73,Cash,Ongoing,2025-08-21 06:09:24
374,24,7,24,2025-08-10 13:00:11,2025-08-10 13:55:11,Jeremiahchester,19.38,43.67,Wallet,Cancelled,2025-09-01 01:35:37
375,19,55,19,2025-06-30 03:00:11,2025-06-30 03:38:11,Bradleytown,37.45,65.41,Card,Ongoing,2025-09-03 05:36:45
376,12,137,12,2025-08-17 01:00:11,2025-08-17 01:27:11,East Ericaborough,7.98,19.11,Cash,Completed,2025-09-15 10:46:10
377,35,126,35,2025-07-13 16:00:11,2025-07-13 16:14:11,New Josephburgh,14.89,19.4,Cash,Ongoing,2025-09-13 02:46:09
378,31,110,31,2025-08-13 17:00:11,2025-08-13 17:38:11,Joshuaborough,36.74,59.06,Wallet,Ongoing,2025-09-16 01:17:50
379,4,90,4,2025-06-30 21:00:11,2025-06-30 21:53:11,Jasonborough,11.7,41.84,Cash,Ongoing,2025-09-16 07:46:58
380,13,3,13,2025-08-08 13:00:11,2025-08-08 13:28:11,Bellhaven,28.79,86.65,Wallet,Cancelled,2025-09-20 06:42:52
381,32,124,32,2025-06-25 07:00:11,2025-06-25 07:05:11,North Justin,24.37,53.1,Card,Completed,2025-09-11 11:51:11
382,35,135,35,2025-08-15 18:00:11,2025-08-15 18:44:11,Davilaville,31.25,76.56,Wallet,Ongoing,2025-09-08 13:12:22
383,31,100,31,2025-09-05 14:00:11,2025-09-05 14:26:11,Jimenezview,28.84,98.23,Wallet,Completed,2025-08-21 01:33:26
384,28,60,28,2025-06-30 07:00:11,2025-06-30 07:05:11,Craigland,2.26,3.77,Wallet,Cancelled,2025-09-10 15:33:56
385,37,68,37,2025-08-15 07:00:11,2025-08-15 07:29:11,Joshuaborough,3.69,10.16,Card,Completed,2025-08-26 16:52:05
386,40,194,40,2025-08-20 03:00:11,2025-08-20 03:48:11,East Ericaborough,37.79,78.97,Card,Ongoing,2025-09-06 00:28:37
387,20,29,20,2025-07-14 03:00:11,2025-07-14 03:06:11,East Stephen,32.52,119.28,Wallet,Completed,2025-09-09 19:38:58
388,19,134,19,2025-06-30 23:00:11,2025-06-30 23:44:11,North Jamie,17.17,29.46,Card,Completed,2025-09-10 01:14:04
389,6,187,6,2025-07-23 21:00:11,2025-07-23 21:39:11,Zacharyport,18.73,40.03,Cash,Ongoing,2025-08-29 11:23:34
390,8,107,8,2025-09-13 16:00:11,2025-09-13 16:23:11,North Jodimouth,28.59,51.57,Wallet,Ongoing,2025-09-07 01:59:01
391,30,81,30,2025-09-12 08:00:11,2025-09-12 08:07:11,Craigland,1.78,4.07,Wallet,Completed,2025-09-15 10:43:05
392,36,178,36,2025-07-29 09:00:11,2025-07-29 09:13:11,Rickyton,7.01,19.62,Wallet,Completed,2025-09-17 11:04:39
393,21,90,21,2025-07-08 22:00:11,2025-07-08 22:40:11,North Jamie,17.1,53.18,Wallet,Ongoing,2025-09-11 10:35:13
394,15,14,15,2025-08-01 22:00:11,2025-08-01 22:23:11,New Josephburgh,2.62,8.7,Card,Cancelled,2025-08-28 18:46:55
395,27,15,27,2025-07-02 22:00:11,2025-07-02 22:40:11,Zacharyport,1.46,3.4,Wallet,Ongoing,2025-09-17 08:58:25
396,24,199,24,2025-06-23 12:00:11,2025-06-23 12:25:11,Jeremiahchester,3.68,6.31,Wallet,Ongoing,2025-08-28 18:40:22
397,11,23,11,2025-09-12 22:00:11,2025-09-12 22:55:11,East Miguel,11.0,14.65,Wallet,Completed,2025-09-14 23:39:08
398,38,3,38,2025-08-02 23:00:11,2025-08-03 00:00:11,Craigland,35.53,95.39,Wallet,Cancelled,2025-09-15 00:34:44
399,24,129,24,2025-08-21 02:00:11,2025-08-21 02:56:11,Ericport,16.0,27.81,Wallet,Completed,2025-09-09 11:15:43
400,42,119,42,2025-08-31 15:00:11,2025-08-31 15:19:11,South Amandamouth,18.57,62.65,Wallet,Ongoing,2025-09-04 19:27:09
401,38,86,38,2025-07-30 02:00:11,2025-07-30 02:23:11,Nicholsonshire,24.68,90.62,Card,Ongoing,2025-08-27 18:08:18
402,41,41,41,2025-06-24 14:00:11,2025-06-24 14:39:11,North Jamie,5.64,21.18,Cash,Ongoing,2025-09-12 10:34:09
403,47,118,47,2025-09-11 12:00:11,2025-09-11 12:23:11,Steventon,23.33,39.8,Card,Cancelled,2025-08-21 12:05:43
404,38,49,38,2025-07-22 21:00:11,2025-07-22 21:13:11,Glennview,9.13,24.52,Cash,Ongoing,2025-08-24 10:47:33
405,6,48,6,2025-08-12 17:00:11,2025-08-12 17:40:11,Lake Davidport,6.31,8.67,Card,Ongoing,2025-08-27 13:19:51
406,43,123,43,2025-06-29 06:00:11,2025-06-29 06:08:11,Nicholsonshire,3.62,8.34,Card,Cancelled,2025-08-21 14:32:41
407,2,33,2,2025-07-10 00:00:11,2025-07-10 00:12:11,North Justin,9.05,13.38,Cash,Cancelled,2025-08-30 00:03:51
408,30,69,30,2025-09-11 21:00:11,2025-09-11 21:05:11,East Ericaborough,9.89,12.98,Cash,Completed,2025-09-03 03:04:03
409,40,186,40,2025-07-15 21:00:11,2025-07-15 21:26:11,Shawnfurt,33.35,123.0,Wallet,Cancelled,2025-08-31 12:07:14
410,22,121,22,2025-07-28 20:00:11,2025-07-28 20:27:11,Glennview,6.67,14.67,Wallet,Completed,2025-09-05 14:12:48
411,20,31,20,2025-07-17 13:00:11,2025-07-17 13:52:11,Josephstad,4.87,13.19,Wallet,Ongoing,2025-08-27 07:47:17
412,9,69,9,2025-09-13 15:00:11,2025-09-13 15:23:11,North Jodimouth,33.85,77.56,Wallet,Completed,2025-09-03 15:18:38
413,39,65,39,2025-08-07 05:00:11,2025-08-07 05:43:11,Perezhaven,3.64,7.22,Wallet,Ongoing,2025-08-21 19:22:01
414,40,46,40,2025-09-20 09:00:11,2025-09-20 09:34:11,Zacharyport,17.53,44.1,Card,Cancelled,2025-09-11 18:34:58
415,40,52,40,2025-06-28 05:00:11,2025-06-28 05:41:11,East Miguel,4.88,15.77,Card,Cancelled,2025-09-04 09:15:20
416,28,137,28,2025-06-21 14:00:11,2025-06-21 14:46:11,South Karenstad,5.49,15.44,Card,Completed,2025-08-30 20:06:43
417,3,50,3,2025-08-23 06:00:11,2025-08-23 06:40:11,Glennview,1.86,2.98,Cash,Completed,2025-09-03 07:01:18
418,3,191,3,2025-07-01 23:00:11,2025-07-01 23:30:11,New Josephburgh,12.56,18.57,Card,Completed,2025-09-19 20:01:26
419,25,107,25,2025-08-08 08:00:11,2025-08-08 08:36:11,Robertbury,27.17,33.68,Wallet,Cancelled,2025-08-24 09:35:15
420,48,103,48,2025-07-28 11:00:11,2025-07-28 11:58:11,Orrburgh,33.53,75.75,Cash,Completed,2025-08-30 10:28:35
421,8,176,8,2025-06-28 05:00:11,2025-06-28 05:11:11,Gregorytown,22.82,81.96,Wallet,Cancelled,2025-08-24 23:11:13
422,37,31,37,2025-07-10 19:00:11,2025-07-10 19:05:11,North Christophermouth,32.3,82.34,Card,Completed,2025-09-02 10:24:08
423,26,160,26,2025-07-27 22:00:11,2025-07-27 22:51:11,Josephstad,17.77,28.85,Wallet,Completed,2025-09-04 17:53:58
424,38,42,38,2025-07-09 09:00:11,2025-07-09 09:10:11,Rickyton,5.96,21.33,Wallet,Cancelled,2025-08-28 07:11:02
425,10,157,10,2025-09-13 10:00:11,2025-09-13 10:24:11,South Amandamouth,11.87,15.25,Cash,Ongoing,2025-09-17 14:29:48
426,46,115,46,2025-07-06 17:00:11,2025-07-06 17:27:11,North Justin,23.37,53.99,Card,Completed,2025-08-21 23:53:38
427,18,195,18,2025-09-05 08:00:11,2025-09-05 08:39:11,Ericport,30.97,67.9,Wallet,Cancelled,2025-08-24 08:40:22
428,9,8,9,2025-06-27 13:00:11,2025-06-27 13:18:11,East Stephen,39.95,83.56,Cash,Ongoing,2025-09-13 07:20:16
429,25,171,25,2025-07-04 11:00:11,2025-07-04 11:40:11,Lake Davidport,5.44,10.38,Wallet,Completed,2025-09-14 13:34:58
430,4,142,4,2025-07-12 15:00:11,2025-07-12 15:32:11,Craigland,13.39,22.88,Card,Ongoing,2025-08-23 23:45:16
431,30,37,30,2025-08-25 12:00:11,2025-08-25 12:14:11,Bensonport,19.07,53.05,Wallet,Ongoing,2025-08-25 02:35:57
432,47,115,47,2025-06-25 01:00:11,2025-06-25 01:11:11,South Amandamouth,2.21,4.72,Card,Completed,2025-09-16 06:08:33
433,26,13,26,2025-08-29 22:00:11,2025-08-29 22:59:11,Craigland,28.15,69.04,Wallet,Ongoing,2025-09-20 04:49:45
434,6,189,6,2025-07-28 05:00:11,2025-07-28 05:57:11,Shawnfurt,33.02,55.98,Wallet,Cancelled,2025-08-26 20:28:21
435,35,23,35,2025-07-18 13:00:11,2025-07-18 13:38:11,East Miguel,15.35,42.26,Wallet,Cancelled,2025-09-18 13:44:37
436,28,93,28,2025-07-05 12:00:11,2025-07-05 12:43:11,Zacharyport,23.35,34.4,Card,Completed,2025-09-14 17:33:01
437,50,6,50,2025-08-21 05:00:11,2025-08-21 05:41:11,Bradleytown,36.95,48.11,Wallet,Cancelled,2025-09-16 04:15:29
438,25,138,25,2025-08-02 08:00:11,2025-08-02 08:25:11,Shawnfurt,11.97,26.71,Cash,Completed,2025-09-07 09:48:16
439,47,27,47,2025-07-15 19:00:11,2025-07-15 19:56:11,West Lawrenceberg,17.26,25.25,Wallet,Ongoing,2025-08-23 22:00:14
440,7,194,7,2025-09-15 11:00:11,2025-09-15 11:45:11,Bensonport,33.81,41.54,Card,Completed,2025-09-17 04:17:20
441,36,173,36,2025-08-20 00:00:11,2025-08-20 00:46:11,Masonside,4.69,9.27,Wallet,Ongoing,2025-08-27 18:48:42
442,22,176,22,2025-07-03 21:00:11,2025-07-03 21:26:11,South Cynthia,38.11,137.31,Cash,Completed,2025-08-29 02:54:25
443,22,64,22,2025-07-24 08:00:11,2025-07-24 08:48:11,Orrburgh,7.74,18.84,Card,Completed,2025-09-05 12:52:10
444,1,88,1,2025-06-26 09:00:11,2025-06-26 09:23:11,Jasonborough,5.05,16.8,Cash,Cancelled,2025-09-07 09:27:08
445,40,114,40,2025-08-15 01:00:11,2025-08-15 01:52:11,North Jodimouth,11.8,37.43,Card,Ongoing,2025-08-31 22:47:05
446,36,23,36,2025-06-29 13:00:11,2025-06-29 13:56:11,Rickyton,35.34,118.53,Wallet,Cancelled,2025-08-29 18:17:50
447,32,163,32,2025-08-11 22:00:11,2025-08-11 22:51:11,Daviesview,4.08,6.8,Cash,Completed,2025-09-19 08:48:30
448,44,75,44,2025-09-10 17:00:11,2025-09-10 17:21:11,North Jodimouth,20.98,68.34,Cash,Cancelled,2025-08-31 06:13:40
449,16,79,16,2025-07-24 10:00:11,2025-07-24 10:46:11,New Eric,29.46,111.89,Cash,Cancelled,2025-09-04 03:35:47
450,33,6,33,2025-08-27 05:00:11,2025-08-27 05:33:11,East Heidi,36.08,135.52,Card,Completed,2025-09-03 23:37:30
451,49,112,49,2025-08-06 05:00:11,2025-08-06 05:15:11,Zacharyport,4.96,6.86,Wallet,Cancelled,2025-09-18 18:46:36
452,45,104,45,2025-09-03 18:00:11,2025-09-03 18:18:11,Perezhaven,1.32,2.59,Card,Completed,2025-09-08 21:40:18
453,50,137,50,2025-07-18 08:00:11,2025-07-18 08:41:11,Pattonmouth,31.56,97.34,Wallet,Ongoing,2025-09-15 01:09:46
454,45,152,45,2025-09-05 17:00:11,2025-09-05 17:53:11,Zacharyport,1.84,3.59,Cash,Completed,2025-09-10 09:15:18
455,20,1,20,2025-08-06 12:00:11,2025-08-06 12:12:11,Moorechester,5.68,16.81,Card,Cancelled,2025-08-20 23:51:54
456,22,22,22,2025-09-12 01:00:11,2025-09-12 01:15:11,Davilaville,29.37,60.01,Card,Ongoing,2025-08-30 19:57:53
457,1,45,1,2025-07-07 19:00:11,2025-07-07 19:11:11,East Heidi,11.2,36.63,Wallet,Completed,2025-09-19 00:19:30
458,29,114,29,2025-08-09 22:00:11,2025-08-09 22:27:11,Cummingsmouth,5.94,20.19,Card,Ongoing,2025-08-31 01:59:01
459,26,123,26,2025-07-09 22:00:11,2025-07-09 22:30:11,South Cynthia,32.99,64.33,Card,Ongoing,2025-09-07 08:22:40
460,1,192,1,2025-08-31 12:00:11,2025-08-31 12:06:11,Bellhaven,9.05,23.02,Card,Cancelled,2025-08-21 11:39:23
461,45,63,45,2025-08-01 01:00:11,2025-08-01 01:11:11,Lake Davidport,8.22,13.67,Wallet,Cancelled,2025-09-18 04:49:57
462,39,122,39,2025-09-14 13:00:11,2025-09-14 13:11:11,Daviesview,19.35,54.49,Cash,Completed,2025-08-29 21:35:44
463,47,31,47,2025-08-26 08:00:11,2025-08-26 08:56:11,Port Brenda,2.46,4.58,Wallet,Completed,2025-09-05 23:46:46
464,22,78,22,2025-09-18 09:00:11,2025-09-18 09:17:11,East Miguel,24.64,87.35,Cash,Ongoing,2025-08-27 08:46:40
465,24,64,24,2025-07-01 20:00:11,2025-07-01 20:24:11,East Heidi,4.11,10.94,Wallet,Cancelled,2025-09-10 20:21:46
466,37,186,37,2025-08-12 15:00:11,2025-08-12 15:32:11,Zacharyport,31.48,95.19,Wallet,Cancelled,2025-08-26 01:02:13
467,14,103,14,2025-08-29 07:00:11,2025-08-29 07:56:11,Gregorytown,26.94,55.63,Wallet,Ongoing,2025-08-23 17:38:09
468,47,25,47,2025-08-14 07:00:11,2025-08-14 07:38:11,West Lawrenceberg,15.92,28.09,Wallet,Cancelled,2025-09-06 02:24:50
469,36,91,36,2025-09-07 20:00:11,2025-09-07 20:18:11,North Christophermouth,26.01,77.16,Card,Ongoing,2025-08-28 08:08:50
470,12,91,12,2025-06-23 10:00:11,2025-06-23 10:53:11,Bensonport,3.5,10.29,Cash,Cancelled,2025-09-09 23:53:43
471,19,149,19,2025-08-29 19:00:11,2025-08-29 19:11:11,Rickyton,3.6,5.32,Cash,Cancelled,2025-09-05 15:42:34
472,37,156,37,2025-09-11 03:00:11,2025-09-11 03:43:11,Cummingsmouth,20.06,56.5,Card,Ongoing,2025-09-06 14:43:52
473,23,44,23,2025-08-02 23:00:11,2025-08-02 23:10:11,Bensonport,18.11,59.74,Card,Completed,2025-09-12 02:24:57
474,4,194,4,2025-09-18 00:00:11,2025-09-18 00:24:11,Lake Davidport,24.04,82.76,Card,Completed,2025-08-25 19:06:30
475,18,48,18,2025-07-03 20:00:11,2025-07-03 20:52:11,Bradleytown,15.63,37.68,Cash,Ongoing,2025-08-22 15:12:33
476,34,51,34,2025-09-03 16:00:11,2025-09-03 16:56:11,Glennview,15.68,57.09,Card,Ongoing,2025-09-04 08:59:07
477,41,19,41,2025-09-14 15:00:11,2025-09-14 15:19:11,North Williamport,32.19,104.17,Wallet,Cancelled,2025-08-25 07:32:58
478,15,118,15,2025-06-29 15:00:11,2025-06-29 15:56:11,Masonside,11.24,35.08,Wallet,Cancelled,2025-09-17 02:36:19
479,24,79,24,2025-08-01 12:00:11,2025-08-01 12:48:11,Josephstad,30.97,95.88,Card,Ongoing,2025-09-16 09:39:40
480,37,99,37,2025-07-03 22:00:11,2025-07-03 22:09:11,Bellhaven,3.48,9.82,Card,Completed,2025-09-15 23:32:17
481,32,114,32,2025-07-24 14:00:11,2025-07-24 14:10:11,Robertbury,16.65,60.06,Wallet,Ongoing,2025-08-25 13:54:26
482,40,27,40,2025-09-01 16:00:11,2025-09-01 16:26:11,Joshuaborough,28.59,58.79,Wallet,Cancelled,2025-08-31 16:47:31
483,18,40,18,2025-08-02 21:00:11,2025-08-02 21:45:11,Bensonport,12.2,32.32,Wallet,Completed,2025-09-02 18:42:50
484,20,95,20,2025-07-21 12:00:11,2025-07-21 12:55:11,Masonside,22.41,83.3,Card,Completed,2025-08-25 06:24:54
485,42,48,42,2025-07-08 11:00:11,2025-07-08 11:16:11,Cummingsmouth,11.75,27.35,Card,Ongoing,2025-09-08 16:57:17
486,46,177,46,2025-08-01 21:00:11,2025-08-01 21:34:11,East Miguel,16.23,40.49,Card,Completed,2025-08-29 06:15:26
487,19,175,19,2025-09-11 16:00:11,2025-09-11 16:23:11,Bellhaven,26.24,92.5,Cash,Cancelled,2025-09-12 07:47:38
488,16,174,16,2025-08-06 21:00:11,2025-08-06 21:14:11,South Amandamouth,35.2,92.47,Card,Completed,2025-09-16 14:39:41
489,23,10,23,2025-09-11 01:00:11,2025-09-11 01:12:11,Robertbury,22.39,58.85,Cash,Cancelled,2025-08-30 05:39:58
490,35,5,35,2025-09-16 18:00:11,2025-09-16 18:57:11,Bellhaven,2.82,8.16,Cash,Ongoing,2025-09-18 11:49:01
491,20,156,20,2025-08-15 20:00:11,2025-08-15 20:20:11,South Karenstad,37.49,65.47,Cash,Cancelled,2025-09-01 03:05:48
492,5,120,5,2025-09-11 15:00:11,2025-09-11 15:27:11,North Jodimouth,21.9,79.77,Card,Completed,2025-09-13 03:59:09
493,6,110,6,2025-07-04 04:00:11,2025-07-04 04:45:11,New Eric,23.28,33.13,Cash,Ongoing,2025-09-05 09:46:00
494,27,128,27,2025-07-05 23:00:11,2025-07-05 23:26:11,New Josephburgh,18.27,64.22,Cash,Completed,2025-09-18 12:35:51
495,50,21,50,2025-07-10 10:00:11,2025-07-10 10:06:11,Craigland,23.98,85.23,Cash,Ongoing,2025-08-20 14:11:36
496,23,185,23,2025-08-05 07:00:11,2025-08-05 07:21:11,Shawnfurt,21.97,45.54,Cash,Completed,2025-09-01 09:43:58
497,12,189,12,2025-06-27 06:00:11,2025-06-27 06:56:11,South Karenstad,8.48,21.66,Card,Cancelled,2025-09-13 07:45:38
498,28,189,28,2025-07-21 18:00:11,2025-07-21 18:08:11,Port Brenda,3.3,4.39,Cash,Completed,2025-09-15 07:32:33
499,9,177,9,2025-09-09 10:00:11,2025-09-09 10:09:11,Bensonport,16.5,41.22,Wallet,Ongoing,2025-09-09 17:19:21
500,25,102,25,2025-06-22 19:00:11,2025-06-22 19:07:11,Jimenezview,39.4,119.36,Wallet,Ongoing,2025-08-20 21:00:54
501,11,56,11,2025-08-01 02:00:11,2025-08-01 02:49:11,North Justin,10.75,39.25,Card,Completed,2025-09-08 20:02:16
502,28,171,28,2025-07-22 18:00:11,2025-07-22 18:30:11,West Lawrenceberg,34.28,46.94,Card,Ongoing,2025-09-08 12:31:22
503,9,76,9,2025-08-11 14:00:11,2025-08-11 14:27:11,Masonside,6.87,19.01,Wallet,Completed,2025-09-17 14:03:01
504,46,89,46,2025-07-17 02:00:11,2025-07-17 02:51:11,New Josephburgh,2.57,5.58,Cash,Ongoing,2025-09-08 07:36:57
505,39,161,39,2025-07-17 17:00:11,2025-07-17 17:20:11,Gregorytown,13.4,37.22,Cash,Cancelled,2025-08-31 12:29:04
506,50,86,50,2025-07-11 13:00:11,2025-07-11 13:56:11,Woodstown,7.22,20.39,Wallet,Ongoing,2025-09-18 22:31:52
507,27,92,27,2025-09-01 05:00:11,2025-09-01 05:06:11,Jimenezview,6.11,15.42,Cash,Cancelled,2025-08-29 14:05:48
508,18,116,18,2025-09-09 17:00:11,2025-09-09 17:42:11,Mccarthybury,17.44,60.12,Cash,Completed,2025-08-31 11:06:11
509,40,147,40,2025-07-28 14:00:11,2025-07-28 14:28:11,Woodstown,3.12,7.41,Cash,Cancelled,2025-09-14 16:32:41
510,43,199,43,2025-08-17 19:00:11,2025-08-17 19:33:11,West Lawrenceberg,31.27,90.17,Cash,Completed,2025-08-27 02:37:45
511,2,155,2,2025-08-22 06:00:11,2025-08-22 06:05:11,Daviesview,28.95,79.41,Wallet,Cancelled,2025-09-11 18:19:34
512,18,142,18,2025-07-29 09:00:11,2025-07-29 09:31:11,Jimenezview,12.16,45.23,Wallet,Ongoing,2025-08-30 19:40:32
513,10,166,10,2025-08-05 15:00:11,2025-08-05 15:39:11,Craigland,32.22,103.08,Cash,Ongoing,2025-09-13 08:23:32
514,13,11,13,2025-08-11 00:00:11,2025-08-11 00:26:11,West Lawrenceberg,15.9,30.3,Wallet,Cancelled,2025-09-14 20:05:28
515,8,76,8,2025-08-10 22:00:11,2025-08-10 22:58:11,New Josephburgh,16.52,48.73,Wallet,Cancelled,2025-09-11 22:47:56
516,3,77,3,2025-08-22 02:00:11,2025-08-22 02:33:11,South Cynthia,7.44,15.15,Card,Completed,2025-09-17 17:32:52
517,41,50,41,2025-06-24 02:00:11,2025-06-24 02:44:11,Gregorytown,3.47,5.35,Wallet,Completed,2025-08-30 13:52:13
518,4,110,4,2025-07-12 07:00:11,2025-07-12 07:16:11,North Williamport,1.8,6.6,Cash,Completed,2025-09-20 00:22:44
519,25,146,25,2025-06-27 17:00:11,2025-06-27 17:59:11,Shawnfurt,14.15,40.44,Cash,Completed,2025-08-23 01:35:34
520,13,1,13,2025-09-04 04:00:11,2025-09-04 04:23:11,Davidbury,28.32,87.18,Card,Cancelled,2025-09-09 18:16:11
521,26,99,26,2025-06-23 22:00:11,2025-06-23 22:52:11,Bellhaven,6.56,18.48,Card,Cancelled,2025-09-17 15:29:08
522,8,32,8,2025-07-14 08:00:11,2025-07-14 08:16:11,West Lacey,32.83,39.48,Wallet,Completed,2025-09-15 20:30:44
523,4,3,4,2025-07-07 16:00:11,2025-07-07 16:10:11,Stevensstad,17.95,40.39,Cash,Completed,2025-09-02 13:53:14
524,47,4,47,2025-07-19 14:00:11,2025-07-19 14:29:11,North Susanstad,27.57,89.21,Card,Cancelled,2025-09-06 03:43:26
525,12,57,12,2025-07-17 20:00:11,2025-07-17 20:25:11,Nicholsonshire,15.68,35.79,Wallet,Ongoing,2025-08-27 04:57:35
526,36,1,36,2025-08-25 04:00:11,2025-08-25 04:47:11,South Karenstad,22.16,67.06,Cash,Ongoing,2025-09-17 13:12:23
527,8,109,8,2025-08-16 16:00:11,2025-08-16 16:27:11,South Amandamouth,19.86,36.64,Card,Ongoing,2025-08-21 17:55:13
528,36,36,36,2025-07-12 00:00:11,2025-07-12 00:36:11,Stevensstad,8.36,28.23,Cash,Ongoing,2025-08-23 23:42:23
529,19,92,19,2025-08-26 08:00:11,2025-08-26 08:27:11,Stevensstad,12.42,38.14,Wallet,Completed,2025-08-23 10:20:14
530,5,86,5,2025-08-16 22:00:11,2025-08-16 22:33:11,Mccarthybury,29.94,58.82,Cash,Cancelled,2025-09-07 07:59:56
531,32,56,32,2025-09-11 13:00:11,2025-09-11 13:16:11,Craigland,17.58,59.99,Wallet,Ongoing,2025-09-13 10:38:29
532,14,198,14,2025-09-16 02:00:11,2025-09-16 02:40:11,North Susanstad,21.28,41.34,Cash,Ongoing,2025-08-22 10:27:02
533,4,169,4,2025-07-08 16:00:11,2025-07-08 16:27:11,Jeremiahchester,6.09,12.86,Wallet,Ongoing,2025-08-21 04:17:28
534,49,86,49,2025-09-15 15:00:11,2025-09-15 15:42:11,Daviesview,10.84,14.6,Card,Completed,2025-09-19 19:47:34
535,44,198,44,2025-07-30 05:00:11,2025-07-30 05:47:11,South Cynthia,37.79,55.73,Card,Completed,2025-09-12 10:10:05
536,4,193,4,2025-06-25 11:00:11,2025-06-25 11:34:11,Glennview,1.25,4.16,Card,Cancelled,2025-09-04 19:38:43
537,27,200,27,2025-06-24 18:00:11,2025-06-24 18:18:11,Port Brenda,23.79,57.56,Wallet,Cancelled,2025-08-24 18:10:10
538,7,9,7,2025-07-17 12:00:11,2025-07-17 12:39:11,South Cynthia,9.42,14.14,Cash,Cancelled,2025-09-07 15:51:30
539,18,16,18,2025-08-03 11:00:11,2025-08-03 11:50:11,South Karenstad,6.09,14.75,Wallet,Cancelled,2025-09-01 14:11:27
540,49,149,49,2025-07-01 22:00:11,2025-07-01 22:44:11,Ericport,22.23,51.18,Card,Completed,2025-08-28 15:15:47
541,46,35,46,2025-09-16 12:00:11,2025-09-16 12:46:11,Perezhaven,2.82,8.8,Cash,Ongoing,2025-09-16 03:06:01
542,28,196,28,2025-06-27 12:00:11,2025-06-27 12:26:11,Jeremiahchester,9.77,23.9,Wallet,Cancelled,2025-09-16 09:44:50
543,5,174,5,2025-08-04 20:00:11,2025-08-04 20:27:11,New Eric,11.22,15.17,Cash,Completed,2025-09-11 13:15:39
544,49,165,49,2025-07-20 21:00:11,2025-07-20 21:12:11,Josephstad,12.67,21.2,Card,Cancelled,2025-09-15 11:10:19
545,4,75,4,2025-08-20 00:00:11,2025-08-20 00:39:11,Daviesview,8.35,29.66,Wallet,Cancelled,2025-08-24 00:46:03
546,28,121,28,2025-07-01 09:00:11,2025-07-01 09:36:11,Mccarthybury,28.56,80.9,Card,Ongoing,2025-09-07 15:29:09
547,23,134,23,2025-09-16 09:00:11,2025-09-16 09:31:11,Bradleytown,29.42,85.92,Card,Ongoing,2025-08-24 06:33:30
548,12,126,12,2025-06-26 03:00:11,2025-06-26 03:49:11,Zacharyport,2.05,6.23,Card,Completed,2025-09-17 18:04:18
549,3,186,3,2025-06-26 08:00:11,2025-06-26 08:29:11,Woodstown,17.06,47.65,Card,Completed,2025-09-11 07:44:13
550,14,108,14,2025-09-20 02:00:11,2025-09-20 02:25:11,Joshuaborough,25.63,91.27,Wallet,Completed,2025-09-16 12:24:33
551,36,116,36,2025-08-12 12:00:11,2025-08-12 12:41:11,Zacharyport,8.89,27.72,Wallet,Ongoing,2025-08-27 19:56:54
552,18,55,18,2025-09-14 01:00:11,2025-09-14 01:09:11,Bellhaven,13.58,37.91,Wallet,Cancelled,2025-08-28 02:12:42
553,21,28,21,2025-08-29 06:00:11,2025-08-29 06:12:11,Shawnfurt,2.94,8.48,Wallet,Cancelled,2025-09-15 19:27:08
554,25,62,25,2025-07-31 19:00:11,2025-07-31 19:33:11,Jasonborough,23.87,61.27,Card,Completed,2025-08-31 01:51:05
555,40,181,40,2025-08-04 19:00:11,2025-08-04 19:53:11,Cummingsmouth,22.08,73.87,Cash,Cancelled,2025-08-22 15:20:20
556,46,126,46,2025-07-01 16:00:11,2025-07-01 16:32:11,South Karenstad,38.02,132.54,Cash,Cancelled,2025-09-01 19:27:07
557,36,194,36,2025-08-14 12:00:11,2025-08-14 12:49:11,South Regina,14.51,49.93,Card,Completed,2025-09-11 08:17:00
558,48,23,48,2025-09-16 00:00:11,2025-09-16 00:40:11,North Jamie,2.47,8.14,Wallet,Cancelled,2025-09-03 14:53:09
559,2,119,2,2025-08-13 07:00:11,2025-08-13 07:49:11,Cummingsmouth,28.03,55.91,Cash,Completed,2025-09-13 20:19:15
560,35,68,35,2025-07-21 14:00:11,2025-07-21 14:39:11,Jasonborough,7.52,14.62,Cash,Completed,2025-08-25 15:13:21
561,37,183,37,2025-09-04 02:00:11,2025-09-04 02:22:11,Perezhaven,32.43,104.71,Wallet,Cancelled,2025-09-19 22:39:07
562,24,152,24,2025-08-16 12:00:11,2025-08-16 12:50:11,Bradleytown,13.92,33.39,Cash,Completed,2025-09-13 00:43:46
563,40,112,40,2025-07-29 03:00:11,2025-07-29 03:09:11,Davidbury,8.19,16.7,Wallet,Ongoing,2025-09-07 13:25:56
564,16,146,16,2025-09-10 02:00:11,2025-09-10 03:00:11,East Ericaborough,30.73,63.67,Cash,Cancelled,2025-08-28 11:22:13
565,41,47,41,2025-08-31 12:00:11,2025-08-31 12:40:11,North Susanstad,12.55,19.85,Wallet,Completed,2025-08-21 07:26:46
566,21,57,21,2025-07-29 05:00:11,2025-07-29 05:53:11,Zacharyport,31.41,47.58,Card,Completed,2025-09-07 13:01:29
567,1,75,1,2025-08-28 05:00:11,2025-08-28 05:20:11,Bellhaven,8.1,26.69,Cash,Ongoing,2025-08-29 19:45:12
568,12,36,12,2025-08-24 16:00:11,2025-08-24 16:51:11,Rickyton,16.04,49.23,Cash,Completed,2025-09-10 04:10:35
569,48,193,48,2025-06-29 00:00:11,2025-06-29 00:55:11,Cummingsmouth,25.79,77.79,Cash,Ongoing,2025-09-06 05:27:14
570,7,40,7,2025-09-06 21:00:11,2025-09-06 21:32:11,Lake Davidport,11.14,40.13,Wallet,Completed,2025-09-14 07:04:25
571,43,39,43,2025-09-01 19:00:11,2025-09-01 19:34:11,East Stephen,6.37,13.38,Wallet,Cancelled,2025-08-20 16:26:49
572,20,34,20,2025-08-21 01:00:11,2025-08-21 01:31:11,Josephstad,5.31,15.54,Wallet,Cancelled,2025-08-29 06:11:40
573,17,70,17,2025-08-16 00:00:11,2025-08-16 00:58:11,New Eric,27.76,37.11,Cash,Completed,2025-09-08 17:12:48
574,41,97,41,2025-08-16 19:00:11,2025-08-16 19:57:11,South Regina,34.38,78.86,Wallet,Ongoing,2025-09-04 13:35:42
575,22,103,22,2025-07-09 20:00:11,2025-07-09 20:10:11,West Lawrenceberg,33.09,74.13,Wallet,Cancelled,2025-09-12 18:44:48
576,39,175,39,2025-08-26 19:00:11,2025-08-26 19:56:11,West Lawrenceberg,29.0,91.06,Card,Ongoing,2025-09-09 11:03:08
577,50,99,50,2025-07-23 01:00:11,2025-07-23 01:54:11,Craigland,37.98,143.2,Card,Completed,2025-08-27 01:40:46
578,46,14,46,2025-08-18 22:00:11,2025-08-18 22:30:11,North Susanstad,31.64,56.1,Cash,Ongoing,2025-09-04 21:25:23
579,16,33,16,2025-08-29 12:00:11,2025-08-29 12:24:11,Robertbury,7.94,9.99,Cash,Completed,2025-08-29 11:19:30
580,12,133,12,2025-06-22 11:00:11,2025-06-22 11:19:11,Cummingsmouth,21.26,53.76,Cash,Cancelled,2025-09-14 21:54:37
581,50,12,50,2025-07-12 00:00:11,2025-07-12 00:36:11,Glennview,2.75,5.32,Cash,Ongoing,2025-08-24 16:32:55
582,13,193,13,2025-08-17 13:00:11,2025-08-17 13:05:11,Craigland,2.03,3.66,Wallet,Cancelled,2025-09-18 19:24:17
583,40,183,40,2025-06-27 01:00:11,2025-06-27 01:32:11,Daviesview,9.73,30.97,Cash,Cancelled,2025-08-22 15:30:22
584,23,161,23,2025-07-27 22:00:11,2025-07-27 22:57:11,North Justin,28.67,63.62,Cash,Cancelled,2025-09-02 17:42:10
585,15,131,15,2025-08-10 10:00:11,2025-08-10 10:51:11,North Jamie,20.67,32.96,Wallet,Completed,2025-09-18 02:13:35
586,39,96,39,2025-09-13 08:00:11,2025-09-13 08:42:11,Craigland,22.82,64.46,Card,Cancelled,2025-09-14 17:59:52
587,22,137,22,2025-08-21 04:00:11,2025-08-21 04:40:11,Bradleytown,22.27,48.4,Cash,Ongoing,2025-09-01 02:20:08
588,20,6,20,2025-08-24 05:00:11,2025-08-24 05:34:11,South Regina,32.33,118.88,Cash,Ongoing,2025-08-27 16:27:19
589,3,64,3,2025-07-29 21:00:11,2025-07-29 21:33:11,South Amandamouth,7.78,10.1,Cash,Cancelled,2025-09-18 00:39:18
590,32,96,32,2025-07-11 19:00:11,2025-07-11 19:25:11,Perezhaven,9.47,29.77,Cash,Completed,2025-09-07 03:57:14
591,34,184,34,2025-07-10 05:00:11,2025-07-10 05:38:11,South Amandamouth,37.59,112.17,Card,Ongoing,2025-09-08 00:07:21
592,26,122,26,2025-08-18 00:00:11,2025-08-18 00:45:11,Craigland,4.68,6.9,Cash,Cancelled,2025-08-24 12:06:09
593,21,61,21,2025-09-17 10:00:11,2025-09-17 10:19:11,Jimenezview,14.93,35.13,Wallet,Ongoing,2025-09-05 13:57:57
594,23,52,23,2025-09-02 23:00:11,2025-09-02 23:56:11,North Jamie,38.7,137.99,Wallet,Cancelled,2025-09-17 00:00:13
595,1,121,1,2025-09-01 14:00:11,2025-09-01 14:07:11,Jeremiahchester,35.38,104.23,Card,Completed,2025-09-02 21:21:07
596,18,132,18,2025-09-10 06:00:11,2025-09-10 06:38:11,North Williamport,37.31,78.05,Card,Completed,2025-09-10 07:19:55
597,21,172,21,2025-08-02 18:00:11,2025-08-02 18:15:11,Orrburgh,6.54,21.49,Cash,Completed,2025-08-23 18:13:11
598,11,60,11,2025-09-12 10:00:11,2025-09-12 10:41:11,Bensonport,23.93,82.06,Wallet,Ongoing,2025-08-26 04:45:49
599,50,192,50,2025-08-11 05:00:11,2025-08-11 05:24:11,East Miguel,37.11,121.47,Card,Ongoing,2025-08-31 05:52:23
600,28,160,28,2025-08-07 19:00:11,2025-08-07 19:51:11,North Susanstad,7.68,9.71,Wallet,Completed,2025-09-18 04:39:52
601,50,66,50,2025-08-22 16:00:11,2025-08-22 16:18:11,Jimenezview,3.95,5.39,Cash,Ongoing,2025-09-05 23:10:36
602,35,50,35,2025-07-10 19:00:11,2025-07-10 19:21:11,Craigland,37.65,108.99,Card,Completed,2025-09-10 14:56:52
603,1,98,1,2025-09-15 18:00:11,2025-09-15 18:45:11,Davidbury,22.64,74.4,Cash,Ongoing,2025-08-30 04:58:39
604,44,129,44,2025-08-04 11:00:11,2025-08-04 11:21:11,New Eric,24.85,42.68,Card,Ongoing,2025-09-06 09:33:14
605,8,116,8,2025-07-11 14:00:11,2025-07-11 14:57:11,West Lawrenceberg,19.86,64.75,Wallet,Completed,2025-09-04 08:05:31
606,4,59,4,2025-07-24 17:00:11,2025-07-24 17:56:11,Woodstown,15.97,37.03,Card,Cancelled,2025-09-17 09:04:30
607,11,23,11,2025-07-27 14:00:11,2025-07-27 14:22:11,North Justin,26.99,88.36,Wallet,Ongoing,2025-08-21 12:36:10
608,29,33,29,2025-07-12 21:00:11,2025-07-12 21:10:11,East Ericaborough,1.43,4.42,Card,Completed,2025-09-11 05:47:09
609,47,17,47,2025-07-18 17:00:11,2025-07-18 17:09:11,South Amandamouth,36.22,87.46,Wallet,Ongoing,2025-09-14 03:07:52
610,11,100,11,2025-08-16 14:00:11,2025-08-16 14:26:11,Jeremiahchester,15.74,27.06,Card,Completed,2025-09-13 14:02:46
611,12,97,12,2025-09-09 20:00:11,2025-09-09 20:18:11,Bensonport,38.01,70.36,Cash,Ongoing,2025-09-16 09:49:40
612,18,123,18,2025-07-26 05:00:11,2025-07-26 05:11:11,Lake Davidport,8.79,26.43,Wallet,Ongoing,2025-09-02 13:41:45
613,48,160,48,2025-08-15 21:00:11,2025-08-15 21:25:11,South Amandamouth,7.6,27.86,Cash,Cancelled,2025-08-28 10:29:16
614,27,155,27,2025-06-28 03:00:11,2025-06-28 03:33:11,Orrburgh,36.7,82.79,Wallet,Cancelled,2025-09-06 09:42:05
615,22,149,22,2025-09-07 22:00:11,2025-09-07 22:37:11,North Jodimouth,23.54,39.42,Wallet,Completed,2025-08-26 20:50:43
616,24,177,24,2025-08-08 10:00:11,2025-08-08 10:18:11,Cummingsmouth,32.29,90.1,Wallet,Completed,2025-09-11 17:04:52
617,14,15,14,2025-07-04 22:00:11,2025-07-04 22:32:11,Joshuaborough,26.99,97.89,Card,Ongoing,2025-09-05 20:03:08
618,16,117,16,2025-09-07 09:00:11,2025-09-07 09:06:11,Jasonborough,25.67,89.89,Wallet,Ongoing,2025-08-23 23:10:02
619,47,109,47,2025-07-30 14:00:11,2025-07-30 14:15:11,Ericport,33.27,109.46,Wallet,Completed,2025-09-13 10:36:19
620,31,59,31,2025-06-24 16:00:11,2025-06-24 16:18:11,North Jamie,27.15,86.65,Wallet,Ongoing,2025-08-22 21:56:40
621,23,137,23,2025-07-20 12:00:11,2025-07-20 12:21:11,Nicholsonshire,38.06,56.3,Wallet,Ongoing,2025-09-12 13:47:13
622,20,100,20,2025-06-25 01:00:11,2025-06-25 01:52:11,North Christophermouth,17.31,56.22,Card,Completed,2025-08-26 18:43:18
623,2,163,2,2025-09-19 11:00:11,2025-09-19 11:57:11,North Christophermouth,15.79,38.38,Cash,Completed,2025-09-04 05:18:42
624,45,97,45,2025-07-22 11:00:11,2025-07-22 11:52:11,New Eric,19.95,61.3,Card,Ongoing,2025-08-22 07:04:29
625,32,186,32,2025-07-28 13:00:11,2025-07-28 13:12:11,North Jodimouth,30.67,93.21,Card,Completed,2025-09-06 11:45:03
626,44,141,44,2025-08-19 14:00:11,2025-08-19 14:45:11,Perezhaven,35.53,118.7,Wallet,Ongoing,2025-08-24 08:24:07
627,33,168,33,2025-08-24 15:00:11,2025-08-24 15:55:11,West Lacey,24.35,75.42,Wallet,Ongoing,2025-08-20 14:05:07
628,27,49,27,2025-09-09 08:00:11,2025-09-09 08:46:11,West Lawrenceberg,12.82,46.9,Wallet,Cancelled,2025-08-27 10:53:31
629,4,173,4,2025-09-17 18:00:11,2025-09-17 18:19:11,Gregorytown,31.28,107.45,Cash,Completed,2025-08-20 23:56:04
630,14,102,14,2025-08-29 00:00:11,2025-08-29 01:00:11,Craigland,32.89,75.94,Cash,Completed,2025-09-05 21:38:23
631,24,117,24,2025-08-21 16:00:11,2025-08-21 16:24:11,Davilaville,10.03,25.26,Wallet,Completed,2025-09-18 02:17:19
632,14,158,14,2025-09-13 05:00:11,2025-09-13 05:59:11,Orrburgh,4.3,8.22,Card,Cancelled,2025-09-18 23:28:25
633,25,138,25,2025-09-18 23:00:11,2025-09-18 23:55:11,Perezhaven,27.75,80.41,Wallet,Cancelled,2025-08-31 04:09:26
634,23,3,23,2025-09-01 19:00:11,2025-09-01 19:19:11,Craigland,9.23,31.52,Cash,Cancelled,2025-09-05 06:25:10
635,17,158,17,2025-08-16 19:00:11,2025-08-16 19:05:11,East Heidi,13.17,42.92,Card,Ongoing,2025-09-08 19:26:14
636,9,6,9,2025-07-29 12:00:11,2025-07-29 12:26:11,North Justin,28.39,67.94,Cash,Completed,2025-09-17 00:49:02
637,6,161,6,2025-07-14 13:00:11,2025-07-14 13:12:11,Daviesview,3.7,9.03,Cash,Ongoing,2025-08-21 17:20:39
638,41,152,41,2025-09-09 03:00:11,2025-09-09 03:44:11,Davilaville,22.07,66.88,Wallet,Ongoing,2025-09-08 22:24:55
639,48,119,48,2025-09-16 16:00:11,2025-09-16 16:18:11,Steventon,19.94,24.74,Wallet,Ongoing,2025-08-23 12:07:08
640,36,62,36,2025-09-11 12:00:11,2025-09-11 13:00:11,New Josephburgh,36.86,131.18,Cash,Completed,2025-08-22 10:46:01
641,15,30,15,2025-09-11 10:00:11,2025-09-11 10:48:11,New Eric,25.05,73.76,Wallet,Cancelled,2025-08-22 00:11:59
642,13,63,13,2025-08-08 17:00:11,2025-08-08 17:35:11,South Amandamouth,2.98,4.46,Card,Completed,2025-09-11 11:00:24
643,46,21,46,2025-09-11 02:00:11,2025-09-11 02:26:11,Stevensstad,31.95,79.1,Cash,Ongoing,2025-09-07 08:24:20
644,43,3,43,2025-07-23 11:00:11,2025-07-23 11:17:11,North Susanstad,15.47,49.61,Card,Cancelled,2025-09-11 18:17:23
645,9,96,9,2025-06-22 12:00:11,2025-06-22 12:31:11,Masonside,34.88,99.77,Cash,Ongoing,2025-09-13 12:12:38
646,43,79,43,2025-08-10 23:00:11,2025-08-10 23:29:11,Mccarthybury,9.37,31.44,Card,Ongoing,2025-09-17 23:32:39
647,4,44,4,2025-08-11 05:00:11,2025-08-11 05:14:11,Bellhaven,20.24,65.32,Card,Completed,2025-09-04 14:55:02
648,21,163,21,2025-07-24 21:00:11,2025-07-24 21:43:11,New Josephburgh,37.12,52.2,Wallet,Ongoing,2025-09-09 15:31:03
649,50,197,50,2025-06-27 16:00:11,2025-06-27 16:49:11,West Lacey,4.03,8.07,Card,Cancelled,2025-08-28 06:25:38
650,39,168,39,2025-06-27 00:00:11,2025-06-27 00:42:11,North Justin,31.78,83.05,Wallet,Cancelled,2025-09-15 16:19:16
651,2,22,2,2025-08-18 15:00:11,2025-08-18 15:32:11,Port Brenda,29.89,44.57,Wallet,Ongoing,2025-09-11 05:28:28
652,6,154,6,2025-07-29 04:00:11,2025-07-29 04:33:11,Glennview,16.53,52.26,Wallet,Completed,2025-08-23 07:45:35
653,4,26,4,2025-08-14 15:00:11,2025-08-14 15:17:11,Nicholsonshire,1.99,4.77,Wallet,Ongoing,2025-09-15 16:44:17
654,9,47,9,2025-07-05 19:00:11,2025-07-05 19:58:11,Jimenezview,22.22,36.6,Card,Completed,2025-09-19 14:29:45
655,13,17,13,2025-07-30 16:00:11,2025-07-30 16:55:11,East Heidi,14.1,23.43,Wallet,Completed,2025-09-09 03:02:11
656,27,179,27,2025-08-21 14:00:11,2025-08-21 14:28:11,East Ericaborough,33.45,60.99,Cash,Completed,2025-09-18 22:07:37
657,16,158,16,2025-07-13 12:00:11,2025-07-13 12:46:11,North Susanstad,25.68,31.4,Cash,Cancelled,2025-08-21 17:31:37
658,44,148,44,2025-08-17 04:00:11,2025-08-17 04:17:11,Rickyton,39.43,103.56,Wallet,Completed,2025-09-02 14:52:52
659,33,165,33,2025-08-07 04:00:11,2025-08-07 04:07:11,North Williamport,24.89,89.73,Card,Ongoing,2025-09-12 05:27:19
660,23,56,23,2025-08-08 09:00:11,2025-08-08 09:51:11,Davidbury,25.81,48.15,Wallet,Ongoing,2025-09-15 06:55:27
661,2,93,2,2025-09-04 10:00:11,2025-09-04 10:17:11,Pattonmouth,22.95,69.94,Cash,Cancelled,2025-08-29 12:37:29
662,34,18,34,2025-08-20 20:00:11,2025-08-20 20:52:11,Jeremiahchester,13.46,44.89,Wallet,Cancelled,2025-09-14 15:20:34
663,11,62,11,2025-07-17 19:00:11,2025-07-17 19:47:11,New Josephburgh,23.63,72.97,Cash,Completed,2025-08-27 06:16:50
664,18,85,18,2025-08-17 09:00:11,2025-08-17 09:57:11,Masonside,6.5,10.06,Wallet,Ongoing,2025-09-08 13:04:57
665,27,9,27,2025-08-14 05:00:11,2025-08-14 05:07:11,Ericport,6.89,11.62,Wallet,Completed,2025-08-27 06:19:44
666,11,151,11,2025-06-23 22:00:11,2025-06-23 22:06:11,North Williamport,10.57,13.38,Card,Completed,2025-08-31 18:42:16
667,18,126,18,2025-06-24 16:00:11,2025-06-24 16:17:11,Lake Davidport,35.95,70.92,Cash,Ongoing,2025-09-13 23:30:01
668,48,178,48,2025-06-30 05:00:11,2025-06-30 05:22:11,Steventon,4.47,16.62,Card,Cancelled,2025-08-22 12:40:16
669,37,103,37,2025-07-22 18:00:11,2025-07-22 18:47:11,Port Brenda,8.61,28.19,Card,Completed,2025-09-15 12:28:23
670,44,62,44,2025-08-15 02:00:11,2025-08-15 02:10:11,Shawnfurt,28.21,82.26,Card,Cancelled,2025-08-24 00:09:12
671,25,59,25,2025-06-25 14:00:11,2025-06-25 14:14:11,Port Brenda,17.5,57.1,Wallet,Ongoing,2025-08-27 04:24:27
672,24,176,24,2025-09-03 14:00:11,2025-09-03 14:08:11,Cummingsmouth,7.92,11.17,Cash,Completed,2025-08-30 21:22:41
673,11,89,11,2025-08-06 05:00:11,2025-08-06 05:40:11,Stevensstad,24.85,52.6,Card,Completed,2025-08-26 15:51:16
674,34,95,34,2025-09-12 23:00:11,2025-09-12 23:29:11,Woodstown,30.15,76.97,Wallet,Ongoing,2025-09-19 00:56:50
675,37,8,37,2025-08-11 14:00:11,2025-08-11 14:20:11,North Williamport,39.47,54.61,Cash,Completed,2025-08-30 18:13:16
676,10,173,10,2025-06-28 00:00:11,2025-06-28 00:11:11,East Stephen,27.1,88.8,Wallet,Completed,2025-09-04 21:47:45
677,13,125,13,2025-07-28 13:00:11,2025-07-28 13:15:11,Nicholsonshire,33.48,77.65,Wallet,Ongoing,2025-08-21 22:38:15
678,27,186,27,2025-08-21 02:00:11,2025-08-21 02:37:11,Moorechester,25.03,56.16,Card,Cancelled,2025-09-03 05:12:24
679,17,196,17,2025-09-05 05:00:11,2025-09-05 05:42:11,Bensonport,15.38,39.18,Wallet,Ongoing,2025-08-28 04:34:05
680,42,148,42,2025-08-15 16:00:11,2025-08-15 16:37:11,New Josephburgh,15.21,21.08,Wallet,Ongoing,2025-09-17 22:28:19
681,41,94,41,2025-07-17 00:00:11,2025-07-17 00:34:11,Bradleytown,21.29,80.18,Wallet,Ongoing,2025-08-24 15:09:54
682,19,48,19,2025-09-19 21:00:11,2025-09-19 21:44:11,Nicholsonshire,37.58,115.37,Wallet,Cancelled,2025-09-14 02:25:35
683,4,4,4,2025-09-15 17:00:11,2025-09-15 17:52:11,East Miguel,37.47,54.01,Cash,Ongoing,2025-09-16 23:09:17
684,45,42,45,2025-08-24 01:00:11,2025-08-24 01:06:11,Nicholsonshire,9.38,24.54,Card,Cancelled,2025-09-05 08:41:04
685,44,177,44,2025-09-12 23:00:11,2025-09-12 23:28:11,Craigland,26.46,77.85,Card,Completed,2025-09-20 08:37:27
686,31,50,31,2025-06-29 07:00:11,2025-06-29 07:53:11,East Stephen,4.73,8.94,Cash,Ongoing,2025-09-16 02:40:01
687,18,44,18,2025-07-16 05:00:11,2025-07-16 05:36:11,Bensonport,35.83,73.78,Wallet,Cancelled,2025-08-31 13:06:34
688,43,51,43,2025-07-03 17:00:11,2025-07-03 17:29:11,Jasonborough,18.44,42.22,Cash,Cancelled,2025-09-02 04:33:07
689,18,141,18,2025-07-20 17:00:11,2025-07-20 17:59:11,North Jamie,3.23,11.95,Cash,Completed,2025-08-21 13:13:42
690,42,19,42,2025-08-16 06:00:11,2025-08-16 06:09:11,Steventon,36.03,113.82,Wallet,Completed,2025-09-13 06:26:36
691,23,129,23,2025-07-02 08:00:11,2025-07-02 08:27:11,North Christophermouth,1.37,4.7,Cash,Ongoing,2025-09-05 06:52:36
692,28,119,28,2025-08-06 20:00:11,2025-08-06 20:13:11,North Justin,2.43,7.05,Wallet,Cancelled,2025-08-20 13:04:57
693,11,38,11,2025-09-15 08:00:11,2025-09-15 08:30:11,South Regina,8.57,17.79,Card,Ongoing,2025-09-14 13:20:02
694,40,112,40,2025-08-09 01:00:11,2025-08-09 01:37:11,Perezhaven,3.82,8.63,Wallet,Cancelled,2025-08-26 20:24:12
695,3,84,3,2025-08-30 03:00:11,2025-08-30 03:23:11,Cummingsmouth,23.39,86.09,Card,Ongoing,2025-09-04 02:08:40
696,48,102,48,2025-08-17 20:00:11,2025-08-17 20:06:11,Bensonport,9.41,22.67,Cash,Completed,2025-09-15 20:23:22
697,33,174,33,2025-08-15 05:00:11,2025-08-15 05:44:11,North Christophermouth,6.91,13.24,Card,Cancelled,2025-08-28 23:17:20
698,35,28,35,2025-08-18 12:00:11,2025-08-18 12:18:11,Gregorytown,30.63,105.17,Cash,Ongoing,2025-09-11 15:38:57
699,6,136,6,2025-06-30 14:00:11,2025-06-30 14:36:11,West Lawrenceberg,34.77,125.53,Wallet,Completed,2025-08-20 19:13:04
700,35,159,35,2025-08-05 11:00:11,2025-08-05 11:17:11,West Lacey,28.3,64.5,Card,Completed,2025-08-30 05:31:56
701,33,84,33,2025-08-26 12:00:11,2025-08-26 12:18:11,North Christophermouth,20.7,30.03,Cash,Cancelled,2025-09-06 10:12:16
702,35,138,35,2025-09-04 09:00:11,2025-09-04 09:18:11,Zacharyport,16.26,26.77,Cash,Completed,2025-09-08 21:24:22
703,19,106,19,2025-07-04 15:00:11,2025-07-04 15:54:11,Steventon,15.49,23.91,Wallet,Cancelled,2025-08-31 20:27:48
704,3,74,3,2025-08-27 22:00:11,2025-08-27 22:07:11,New Josephburgh,35.87,94.41,Wallet,Cancelled,2025-08-24 22:28:11
705,32,10,32,2025-09-17 21:00:11,2025-09-17 21:16:11,East Heidi,18.97,60.93,Card,Cancelled,2025-09-12 15:42:16
706,2,100,2,2025-06-23 08:00:11,2025-06-23 08:59:11,South Cynthia,30.26,87.8,Card,Completed,2025-08-28 05:23:38
707,8,57,8,2025-07-01 16:00:11,2025-07-01 16:10:11,Port Brenda,7.29,23.89,Wallet,Cancelled,2025-08-21 08:14:33
708,40,8,40,2025-08-06 02:00:11,2025-08-06 02:35:11,Port Brenda,7.46,10.84,Card,Ongoing,2025-08-26 02:47:56
709,49,23,49,2025-07-29 23:00:11,2025-07-29 23:45:11,East Stephen,31.56,37.89,Card,Completed,2025-09-04 20:58:55
710,50,155,50,2025-07-05 16:00:11,2025-07-05 16:43:11,Pattonmouth,30.24,42.39,Card,Ongoing,2025-09-14 16:36:48
711,20,127,20,2025-08-25 13:00:11,2025-08-25 13:30:11,East Heidi,23.65,36.28,Card,Completed,2025-09-10 17:52:11
712,41,148,41,2025-07-01 19:00:11,2025-07-01 19:43:11,New Josephburgh,6.36,15.15,Cash,Cancelled,2025-08-23 03:50:12
713,18,184,18,2025-09-03 11:00:11,2025-09-03 11:34:11,South Cynthia,12.87,38.24,Card,Cancelled,2025-08-23 02:24:00
714,15,142,15,2025-07-14 03:00:11,2025-07-14 03:18:11,North Christophermouth,21.9,79.33,Wallet,Completed,2025-09-09 16:12:20
715,1,115,1,2025-09-04 16:00:11,2025-09-04 16:10:11,Glennview,1.26,4.13,Cash,Cancelled,2025-09-17 06:55:17
716,34,72,34,2025-07-03 19:00:11,2025-07-03 19:11:11,Rickyton,33.59,98.93,Wallet,Cancelled,2025-09-03 23:52:04
717,20,147,20,2025-07-12 16:00:11,2025-07-12 16:08:11,Orrburgh,4.98,12.49,Cash,Cancelled,2025-09-10 20:00:21
718,25,151,25,2025-09-06 05:00:11,2025-09-06 05:45:11,New Josephburgh,20.84,44.94,Wallet,Completed,2025-08-26 05:01:00
719,19,31,19,2025-09-14 13:00:11,2025-09-14 13:41:11,South Cynthia,24.43,55.81,Card,Completed,2025-09-13 07:40:54
720,11,153,11,2025-06-28 15:00:11,2025-06-28 15:36:11,Daviesview,25.08,74.72,Card,Ongoing,2025-08-21 22:31:54
721,15,67,15,2025-08-14 07:00:11,2025-08-14 07:38:11,North Jamie,11.27,16.07,Wallet,Completed,2025-08-26 00:44:21
722,5,146,5,2025-08-22 16:00:11,2025-08-22 16:54:11,Josephstad,5.91,7.43,Wallet,Cancelled,2025-08-27 02:21:23
723,39,40,39,2025-08-26 11:00:11,2025-08-26 11:27:11,Davilaville,36.19,91.01,Card,Ongoing,2025-09-03 00:44:40
724,47,22,47,2025-09-05 02:00:11,2025-09-05 02:53:11,East Miguel,28.94,42.88,Wallet,Cancelled,2025-09-08 14:15:27
725,21,111,21,2025-08-18 16:00:11,2025-08-18 16:42:11,Masonside,10.27,27.59,Card,Cancelled,2025-08-29 03:38:13
726,22,91,22,2025-07-02 19:00:11,2025-07-02 19:48:11,Stevensstad,4.13,6.8,Wallet,Ongoing,2025-09-11 22:45:25
727,24,56,24,2025-08-26 18:00:11,2025-08-26 18:11:11,Davidbury,18.98,57.09,Card,Ongoing,2025-09-13 14:47:07
728,47,101,47,2025-08-28 15:00:11,2025-08-28 15:57:11,North Williamport,5.42,12.42,Cash,Cancelled,2025-08-27 03:51:59
729,2,4,2,2025-08-23 16:00:11,2025-08-23 16:40:11,Masonside,13.15,38.52,Cash,Cancelled,2025-09-03 19:14:42
730,14,121,14,2025-07-22 03:00:11,2025-07-22 03:15:11,Rickyton,23.65,86.78,Cash,Cancelled,2025-08-27 12:27:08
731,15,146,15,2025-06-24 02:00:11,2025-06-24 02:24:11,North Jodimouth,18.46,44.11,Cash,Cancelled,2025-09-03 23:59:35
732,19,184,19,2025-08-04 07:00:11,2025-08-04 07:32:11,Glennview,23.31,57.19,Cash,Cancelled,2025-09-13 18:37:07
733,34,198,34,2025-06-29 17:00:11,2025-06-29 17:57:11,Jimenezview,10.28,17.98,Wallet,Ongoing,2025-09-08 00:27:53
734,36,33,36,2025-06-27 10:00:11,2025-06-27 10:47:11,Jimenezview,26.58,73.27,Cash,Cancelled,2025-09-16 16:34:07
735,18,69,18,2025-07-15 13:00:11,2025-07-15 13:57:11,Daviesview,18.68,58.6,Cash,Cancelled,2025-09-14 14:12:27
736,21,129,21,2025-07-07 04:00:11,2025-07-07 04:56:11,Josephstad,31.91,83.75,Wallet,Cancelled,2025-08-27 17:36:25
737,49,180,49,2025-07-13 20:00:11,2025-07-13 20:37:11,Nicholsonshire,16.96,25.42,Cash,Completed,2025-08-20 22:54:23
738,29,46,29,2025-06-22 06:00:11,2025-06-22 06:46:11,Jimenezview,18.74,37.89,Card,Completed,2025-09-16 05:31:18
739,17,144,17,2025-07-02 23:00:11,2025-07-02 23:21:11,Moorechester,18.27,58.64,Card,Completed,2025-09-13 19:29:00
740,8,53,8,2025-08-13 13:00:11,2025-08-13 13:55:11,North Jodimouth,32.78,108.14,Cash,Ongoing,2025-09-16 13:12:47
741,13,195,13,2025-08-09 21:00:11,2025-08-09 21:21:11,Jimenezview,33.65,125.69,Wallet,Ongoing,2025-08-28 00:33:44
742,26,11,26,2025-08-04 18:00:11,2025-08-04 18:08:11,Davidbury,33.35,91.56,Cash,Cancelled,2025-09-08 05:35:40
743,35,99,35,2025-08-22 01:00:11,2025-08-22 01:26:11,Port Brenda,17.22,23.11,Cash,Cancelled,2025-09-10 12:22:24
744,41,40,41,2025-09-09 17:00:11,2025-09-09 17:37:11,Joshuaborough,22.14,38.86,Wallet,Cancelled,2025-08-25 18:40:44
745,44,181,44,2025-09-07 23:00:11,2025-09-07 23:32:11,North Williamport,1.44,4.09,Card,Cancelled,2025-08-22 21:15:24
746,29,198,29,2025-06-24 09:00:11,2025-06-24 09:39:11,Mccarthybury,21.33,25.82,Wallet,Cancelled,2025-09-19 06:26:12
747,45,49,45,2025-08-17 23:00:11,2025-08-17 23:51:11,Steventon,7.63,10.0,Wallet,Ongoing,2025-09-13 01:11:22
748,27,178,27,2025-08-19 09:00:11,2025-08-19 09:06:11,East Ericaborough,11.95,44.11,Cash,Cancelled,2025-08-26 13:07:01
749,21,44,21,2025-08-12 17:00:11,2025-08-12 17:08:11,Davidbury,27.3,97.53,Wallet,Completed,2025-09-09 11:00:05
750,47,47,47,2025-08-04 15:00:11,2025-08-04 15:05:11,West Lacey,36.86,101.4,Wallet,Ongoing,2025-08-26 16:30:45
751,36,7,36,2025-07-10 20:00:11,2025-07-10 20:51:11,Lake Davidport,19.47,30.14,Wallet,Completed,2025-09-09 12:11:35
752,26,170,26,2025-08-14 15:00:11,2025-08-14 15:56:11,South Karenstad,16.09,30.73,Wallet,Cancelled,2025-08-23 21:36:49
753,41,97,41,2025-07-16 21:00:11,2025-07-16 21:20:11,South Amandamouth,24.37,50.11,Card,Cancelled,2025-08-28 20:54:56
754,13,69,13,2025-08-02 16:00:11,2025-08-02 16:21:11,Steventon,9.31,19.76,Card,Cancelled,2025-08-24 03:48:41
755,24,132,24,2025-08-23 08:00:11,2025-08-23 08:29:11,Davidbury,16.58,32.46,Wallet,Completed,2025-08-21 04:23:55
756,22,57,22,2025-07-03 23:00:11,2025-07-03 23:08:11,Jimenezview,8.07,27.6,Wallet,Completed,2025-09-05 09:05:45
757,49,80,49,2025-07-29 07:00:11,2025-07-29 07:30:11,Josephstad,16.65,61.21,Cash,Cancelled,2025-09-01 01:09:53
758,11,189,11,2025-07-17 22:00:11,2025-07-17 22:11:11,West Lawrenceberg,27.98,60.14,Card,Cancelled,2025-09-18 23:58:47
759,4,182,4,2025-08-01 22:00:11,2025-08-01 22:25:11,West Lawrenceberg,20.02,33.11,Wallet,Cancelled,2025-09-13 01:30:01
760,5,54,5,2025-08-10 04:00:11,2025-08-10 04:29:11,Josephstad,25.98,76.1,Wallet,Cancelled,2025-09-06 14:20:50
761,11,187,11,2025-07-29 09:00:11,2025-07-29 09:51:11,Jasonborough,35.48,74.61,Wallet,Cancelled,2025-08-20 15:03:42
762,43,42,43,2025-09-10 06:00:11,2025-09-10 06:12:11,Stevensstad,7.01,10.66,Card,Cancelled,2025-08-25 15:03:07
763,16,142,16,2025-09-06 09:00:11,2025-09-06 09:28:11,Pattonmouth,32.92,120.97,Wallet,Completed,2025-09-14 09:56:09
764,39,153,39,2025-07-30 00:00:11,2025-07-30 00:19:11,Stevensstad,35.03,87.81,Cash,Completed,2025-09-06 10:41:34
765,48,187,48,2025-08-05 18:00:11,2025-08-05 18:55:11,South Cynthia,38.5,48.73,Cash,Completed,2025-09-18 17:27:30
766,46,58,46,2025-07-29 08:00:11,2025-07-29 08:43:11,Cummingsmouth,16.35,25.97,Card,Ongoing,2025-08-24 04:43:06
767,22,131,22,2025-08-20 06:00:11,2025-08-20 06:07:11,Pattonmouth,27.48,69.8,Wallet,Completed,2025-09-10 08:16:52
768,35,188,35,2025-07-10 02:00:11,2025-07-10 02:50:11,Mccarthybury,6.8,19.8,Wallet,Completed,2025-09-17 10:16:02
769,17,19,17,2025-07-03 04:00:11,2025-07-03 04:22:11,Davidbury,2.58,3.55,Wallet,Cancelled,2025-09-09 03:56:44
770,39,102,39,2025-07-09 20:00:11,2025-07-09 20:38:11,Daviesview,28.87,107.75,Wallet,Ongoing,2025-08-26 03:57:37
771,25,126,25,2025-09-11 23:00:11,2025-09-11 23:14:11,Craigland,32.03,93.2,Wallet,Ongoing,2025-09-12 05:21:54
772,9,128,9,2025-06-22 18:00:11,2025-06-22 18:47:11,New Eric,32.65,50.06,Card,Cancelled,2025-09-12 00:53:07
773,27,169,27,2025-09-15 07:00:11,2025-09-15 07:45:11,Jeremiahchester,3.44,12.38,Wallet,Ongoing,2025-09-07 13:16:12
774,36,124,36,2025-07-26 12:00:11,2025-07-26 12:45:11,South Regina,18.79,23.35,Cash,Ongoing,2025-09-14 22:00:17
775,41,18,41,2025-07-14 16:00:11,2025-07-14 16:35:11,Gregorytown,4.75,11.8,Card,Ongoing,2025-09-05 02:11:38
776,50,66,50,2025-07-16 15:00:11,2025-07-16 15:55:11,Nicholsonshire,22.85,47.01,Cash,Ongoing,2025-08-29 00:46:27
777,47,36,47,2025-07-28 18:00:11,2025-07-28 18:11:11,East Miguel,12.16,42.19,Cash,Cancelled,2025-09-09 06:29:48
778,5,200,5,2025-07-02 21:00:11,2025-07-02 21:07:11,North Justin,39.71,51.08,Card,Ongoing,2025-08-27 10:35:22
779,24,107,24,2025-07-13 01:00:11,2025-07-13 01:50:11,Josephstad,13.16,16.56,Card,Cancelled,2025-09-13 09:13:18
780,47,150,47,2025-07-22 21:00:11,2025-07-22 21:32:11,Mccarthybury,27.16,85.49,Wallet,Ongoing,2025-09-18 06:32:31
781,15,58,15,2025-09-05 14:00:11,2025-09-05 14:17:11,Jeremiahchester,6.91,9.73,Cash,Ongoing,2025-09-07 08:08:18
782,35,74,35,2025-09-11 03:00:11,2025-09-11 03:18:11,Joshuaborough,31.81,41.4,Wallet,Completed,2025-09-06 20:54:33
783,41,115,41,2025-08-07 06:00:11,2025-08-07 06:44:11,East Ericaborough,12.98,18.53,Cash,Completed,2025-09-07 18:42:46
784,48,129,48,2025-07-29 08:00:11,2025-07-29 08:51:11,Craigland,15.92,33.39,Card,Completed,2025-08-21 22:57:12
785,19,157,19,2025-08-10 23:00:11,2025-08-10 23:57:11,Mccarthybury,30.26,51.84,Wallet,Ongoing,2025-09-16 08:09:23
786,4,124,4,2025-09-18 05:00:11,2025-09-18 05:42:11,Davilaville,37.9,129.26,Cash,Completed,2025-09-17 02:28:02
787,44,111,44,2025-07-27 23:00:11,2025-07-27 23:48:11,Ericport,20.29,67.93,Card,Cancelled,2025-09-08 07:59:48
788,2,158,2,2025-07-19 06:00:11,2025-07-19 06:26:11,Cummingsmouth,29.22,67.77,Cash,Completed,2025-08-30 16:08:38
789,1,112,1,2025-08-18 19:00:11,2025-08-18 19:48:11,East Miguel,23.92,41.94,Card,Cancelled,2025-09-17 07:26:39
790,27,79,27,2025-08-10 16:00:11,2025-08-10 16:06:11,Nicholsonshire,31.77,41.76,Wallet,Ongoing,2025-09-19 13:11:19
791,16,129,16,2025-08-24 16:00:11,2025-08-24 16:48:11,Woodstown,18.26,60.9,Card,Ongoing,2025-08-25 11:58:23
792,14,27,14,2025-07-26 18:00:11,2025-07-26 18:16:11,Moorechester,13.62,24.15,Wallet,Completed,2025-08-25 00:16:06
793,6,82,6,2025-08-24 18:00:11,2025-08-24 18:58:11,Zacharyport,34.47,87.08,Wallet,Cancelled,2025-09-05 14:58:48
794,32,56,32,2025-08-13 20:00:11,2025-08-13 20:56:11,Davidbury,6.78,12.74,Cash,Completed,2025-09-14 21:31:57
795,48,3,48,2025-07-24 12:00:11,2025-07-24 12:28:11,North Jamie,22.29,82.4,Card,Ongoing,2025-08-31 23:51:50
796,39,190,39,2025-08-26 07:00:11,2025-08-26 07:51:11,North Jodimouth,34.32,85.33,Cash,Completed,2025-09-17 09:55:41
797,37,143,37,2025-08-16 02:00:11,2025-08-16 02:44:11,Nicholsonshire,2.98,5.36,Wallet,Cancelled,2025-08-31 01:29:06
798,15,160,15,2025-06-28 19:00:11,2025-06-28 19:41:11,North Jamie,9.42,34.44,Card,Ongoing,2025-09-01 18:16:08
799,37,190,37,2025-09-16 03:00:11,2025-09-16 03:15:11,Daviesview,2.62,7.41,Wallet,Cancelled,2025-09-13 09:19:24
800,10,141,10,2025-09-02 05:00:11,2025-09-02 05:50:11,Steventon,24.06,68.11,Cash,Completed,2025-09-01 20:21:28
801,45,191,45,2025-09-12 06:00:11,2025-09-12 06:14:11,Davidbury,9.71,22.01,Cash,Completed,2025-09-13 20:08:58
802,37,27,37,2025-07-23 00:00:11,2025-07-23 00:30:11,South Cynthia,27.48,36.89,Card,Completed,2025-08-26 16:07:47
803,3,13,3,2025-08-30 10:00:11,2025-08-30 10:19:11,Steventon,9.99,19.01,Wallet,Completed,2025-09-19 07:57:53
804,36,54,36,2025-09-03 00:00:11,2025-09-03 00:42:11,Jimenezview,15.49,51.05,Cash,Completed,2025-08-24 00:59:06
805,24,80,24,2025-07-31 22:00:11,2025-07-31 22:57:11,Zacharyport,20.27,32.35,Cash,Completed,2025-08-26 22:29:38
806,1,80,1,2025-06-28 18:00:11,2025-06-28 18:57:11,Davilaville,7.31,16.26,Cash,Ongoing,2025-09-13 07:37:37
807,42,3,42,2025-07-20 10:00:11,2025-07-20 10:10:11,West Lacey,13.28,27.22,Wallet,Ongoing,2025-09-09 19:10:09
808,37,7,37,2025-08-01 04:00:11,2025-08-01 04:24:11,Mccarthybury,30.11,98.37,Cash,Ongoing,2025-08-26 08:53:49
809,19,111,19,2025-09-10 10:00:11,2025-09-10 10:10:11,West Lawrenceberg,26.52,91.3,Card,Ongoing,2025-09-18 20:18:26
810,21,77,21,2025-07-05 12:00:11,2025-07-05 12:32:11,Josephstad,31.11,44.88,Wallet,Cancelled,2025-09-08 15:23:57
811,11,167,11,2025-07-11 05:00:11,2025-07-11 05:22:11,Moorechester,15.78,42.4,Card,Completed,2025-09-15 06:49:40
812,46,194,46,2025-08-03 03:00:11,2025-08-03 03:51:11,South Karenstad,28.36,84.92,Wallet,Cancelled,2025-09-02 18:23:49
813,27,80,27,2025-07-16 15:00:11,2025-07-16 15:53:11,Stevensstad,33.72,113.95,Wallet,Completed,2025-09-06 21:57:55
814,42,135,42,2025-06-27 21:00:11,2025-06-27 21:07:11,Ericport,2.53,7.52,Wallet,Completed,2025-08-24 17:46:37
815,38,184,38,2025-09-08 22:00:11,2025-09-08 22:14:11,Glennview,15.61,25.52,Wallet,Cancelled,2025-09-01 13:26:45
816,35,63,35,2025-08-12 22:00:11,2025-08-12 22:10:11,Port Brenda,4.67,12.91,Card,Completed,2025-08-30 03:51:35
817,12,124,12,2025-06-22 22:00:11,2025-06-22 22:16:11,Ericport,25.41,48.55,Wallet,Ongoing,2025-08-26 17:53:53
818,36,169,36,2025-07-11 12:00:11,2025-07-11 12:47:11,Bellhaven,1.46,3.66,Wallet,Completed,2025-09-04 12:17:08
819,17,29,17,2025-06-26 19:00:11,2025-06-26 19:36:11,Steventon,21.21,36.33,Wallet,Cancelled,2025-09-08 07:44:32
820,38,63,38,2025-07-07 08:00:11,2025-07-07 08:53:11,Mccarthybury,24.02,66.04,Cash,Ongoing,2025-09-13 20:27:45
821,23,187,23,2025-08-09 04:00:11,2025-08-09 04:19:11,New Josephburgh,30.73,59.27,Wallet,Ongoing,2025-09-02 01:01:33
822,33,38,33,2025-07-07 04:00:11,2025-07-07 04:56:11,North Susanstad,12.48,21.32,Card,Completed,2025-09-18 07:59:16
823,21,22,21,2025-07-14 06:00:11,2025-07-14 06:19:11,Mccarthybury,10.9,14.36,Card,Ongoing,2025-09-17 01:07:44
824,46,200,46,2025-09-19 23:00:11,2025-09-19 23:28:11,North Justin,4.53,14.95,Card,Cancelled,2025-09-15 11:15:11
825,41,200,41,2025-07-21 20:00:11,2025-07-21 20:48:11,Masonside,27.9,82.79,Wallet,Completed,2025-08-21 19:55:51
826,20,170,20,2025-08-27 06:00:11,2025-08-27 06:25:11,New Josephburgh,33.56,89.01,Wallet,Completed,2025-09-06 11:41:35
827,30,191,30,2025-07-29 10:00:11,2025-07-29 10:24:11,East Miguel,8.66,31.25,Card,Completed,2025-09-10 21:38:37
828,15,155,15,2025-08-30 05:00:11,2025-08-30 05:52:11,West Lacey,1.45,2.04,Card,Ongoing,2025-09-07 16:48:59
829,31,126,31,2025-08-27 11:00:11,2025-08-27 11:30:11,Craigland,35.27,102.61,Wallet,Cancelled,2025-08-22 04:53:17
830,14,65,14,2025-08-03 16:00:11,2025-08-03 16:17:11,Bradleytown,18.28,63.43,Wallet,Cancelled,2025-08-23 15:03:30
831,23,139,23,2025-07-22 18:00:11,2025-07-22 18:25:11,East Ericaborough,7.86,29.33,Card,Cancelled,2025-09-01 03:18:43
832,20,172,20,2025-09-18 06:00:11,2025-09-18 06:24:11,North Jodimouth,7.94,24.3,Card,Ongoing,2025-08-23 18:40:08
833,41,6,41,2025-08-10 04:00:11,2025-08-10 04:14:11,Nicholsonshire,15.85,43.78,Card,Completed,2025-08-23 18:01:34
834,23,166,23,2025-06-27 23:00:11,2025-06-27 23:29:11,North Williamport,14.41,20.55,Cash,Cancelled,2025-09-18 16:42:45
835,26,180,26,2025-08-09 19:00:11,2025-08-09 19:42:11,Zacharyport,31.99,110.92,Card,Ongoing,2025-08-25 05:08:22
836,38,126,38,2025-07-19 06:00:11,2025-07-19 06:50:11,Port Brenda,33.06,78.14,Wallet,Cancelled,2025-09-03 04:55:17
837,22,169,22,2025-07-21 13:00:11,2025-07-21 13:38:11,Robertbury,11.89,19.5,Card,Cancelled,2025-09-15 22:34:47
838,14,194,14,2025-07-25 09:00:11,2025-07-25 09:49:11,Gregorytown,9.92,14.16,Wallet,Cancelled,2025-08-30 19:24:44
839,41,192,41,2025-09-20 08:00:11,2025-09-20 08:39:11,Jasonborough,36.08,55.59,Card,Cancelled,2025-08-22 04:05:42
840,18,96,18,2025-08-09 07:00:11,2025-08-09 07:43:11,Jasonborough,28.6,49.67,Cash,Cancelled,2025-09-03 23:37:59
841,42,128,42,2025-08-16 03:00:11,2025-08-16 03:13:11,West Lawrenceberg,19.13,34.17,Wallet,Cancelled,2025-08-30 08:15:08
842,25,168,25,2025-07-03 12:00:11,2025-07-03 12:33:11,Rickyton,14.7,50.9,Card,Completed,2025-09-11 04:49:32
843,47,148,47,2025-07-24 12:00:11,2025-07-24 12:45:11,Bradleytown,2.55,7.81,Wallet,Cancelled,2025-08-27 04:20:33
844,47,14,47,2025-08-29 16:00:11,2025-08-29 16:51:11,Port Brenda,33.2,83.44,Cash,Cancelled,2025-09-12 00:08:37
845,40,66,40,2025-06-30 19:00:11,2025-06-30 19:17:11,Gregorytown,12.65,36.63,Wallet,Cancelled,2025-08-28 10:22:46
846,41,89,41,2025-08-29 05:00:11,2025-08-29 05:50:11,South Amandamouth,25.89,72.18,Wallet,Cancelled,2025-08-23 10:01:09
847,4,25,4,2025-08-03 01:00:11,2025-08-03 01:14:11,Shawnfurt,29.99,97.95,Wallet,Completed,2025-08-27 14:53:35
848,4,184,4,2025-07-18 09:00:11,2025-07-18 09:24:11,Joshuaborough,34.99,109.46,Cash,Ongoing,2025-08-24 03:24:37
849,42,43,42,2025-06-24 19:00:11,2025-06-24 19:47:11,Mccarthybury,16.24,47.69,Cash,Completed,2025-08-28 14:33:58
850,35,125,35,2025-07-27 12:00:11,2025-07-27 12:51:11,South Amandamouth,23.93,65.01,Cash,Cancelled,2025-08-30 23:59:57
851,16,92,16,2025-09-01 15:00:11,2025-09-01 15:59:11,East Ericaborough,12.38,23.3,Card,Ongoing,2025-08-28 21:31:57
852,40,16,40,2025-07-19 07:00:11,2025-07-19 07:24:11,New Eric,7.07,19.88,Cash,Cancelled,2025-08-21 18:19:10
853,8,33,8,2025-06-26 23:00:11,2025-06-26 23:32:11,Davidbury,24.81,69.4,Cash,Ongoing,2025-09-08 08:00:55
854,46,45,46,2025-08-27 23:00:11,2025-08-27 23:34:11,Jeremiahchester,34.56,108.55,Cash,Cancelled,2025-08-23 04:05:46
855,11,47,11,2025-08-10 05:00:11,2025-08-10 05:28:11,Rickyton,2.06,6.67,Card,Cancelled,2025-09-04 11:51:48
856,9,120,9,2025-09-06 17:00:11,2025-09-06 17:15:11,North Susanstad,36.05,103.15,Wallet,Ongoing,2025-08-27 15:50:45
857,10,71,10,2025-09-19 09:00:11,2025-09-19 09:45:11,Glennview,30.12,109.89,Cash,Cancelled,2025-08-22 21:10:24
858,37,83,37,2025-07-23 15:00:11,2025-07-23 15:08:11,Joshuaborough,26.64,100.48,Cash,Ongoing,2025-09-18 05:55:56
859,8,37,8,2025-06-28 22:00:11,2025-06-28 22:38:11,North Williamport,10.5,19.11,Cash,Cancelled,2025-08-24 19:21:40
860,1,77,1,2025-08-03 05:00:11,2025-08-03 05:47:11,East Heidi,9.64,13.59,Card,Completed,2025-08-26 19:07:10
861,13,170,13,2025-07-03 05:00:11,2025-07-03 05:26:11,New Josephburgh,16.28,32.41,Card,Completed,2025-09-04 13:41:11
862,15,92,15,2025-08-15 12:00:11,2025-08-15 12:54:11,Shawnfurt,37.01,89.29,Wallet,Cancelled,2025-08-25 19:06:41
863,22,126,22,2025-07-16 19:00:11,2025-07-16 20:00:11,North Williamport,32.65,114.78,Cash,Cancelled,2025-09-19 17:54:01
864,16,120,16,2025-09-12 06:00:11,2025-09-12 06:09:11,Port Brenda,4.46,6.66,Cash,Completed,2025-08-24 22:38:53
865,25,44,25,2025-08-31 23:00:11,2025-08-31 23:54:11,South Amandamouth,29.27,55.83,Card,Completed,2025-09-18 11:46:46
866,50,139,50,2025-07-04 00:00:11,2025-07-04 00:28:11,New Eric,3.81,8.94,Wallet,Cancelled,2025-09-15 14:01:58
867,6,161,6,2025-09-17 05:00:11,2025-09-17 05:38:11,Jasonborough,35.9,68.67,Cash,Ongoing,2025-09-15 19:17:08
868,42,114,42,2025-07-10 05:00:11,2025-07-10 05:58:11,Bradleytown,20.15,58.99,Wallet,Ongoing,2025-09-10 09:16:13
869,30,121,30,2025-08-06 09:00:11,2025-08-06 09:10:11,East Ericaborough,7.35,25.4,Cash,Ongoing,2025-09-13 01:44:12
870,7,128,7,2025-09-13 17:00:11,2025-09-13 17:36:11,Bellhaven,12.0,22.03,Cash,Completed,2025-09-05 20:55:25
871,12,18,12,2025-07-16 13:00:11,2025-07-16 13:12:11,South Karenstad,24.2,55.61,Cash,Completed,2025-08-27 21:24:46
872,24,17,24,2025-07-23 17:00:11,2025-07-23 17:54:11,Josephstad,23.62,29.22,Wallet,Cancelled,2025-08-22 12:12:35
873,17,142,17,2025-08-29 02:00:11,2025-08-29 02:17:11,Cummingsmouth,17.17,55.95,Wallet,Ongoing,2025-08-28 08:10:31
874,46,43,46,2025-07-08 06:00:11,2025-07-08 06:52:11,Craigland,33.94,99.36,Card,Ongoing,2025-09-03 22:31:23
875,40,148,40,2025-08-06 17:00:11,2025-08-06 17:59:11,Robertbury,19.34,35.36,Card,Cancelled,2025-09-13 14:20:54
876,38,127,38,2025-08-14 11:00:11,2025-08-14 11:19:11,Glennview,18.1,37.19,Wallet,Ongoing,2025-09-12 23:13:28
877,8,187,8,2025-06-27 17:00:11,2025-06-27 17:28:11,Perezhaven,11.96,15.37,Card,Ongoing,2025-09-01 15:17:10
878,39,130,39,2025-09-01 05:00:11,2025-09-01 05:10:11,Ericport,25.48,60.31,Cash,Cancelled,2025-08-28 09:34:06
879,50,130,50,2025-07-20 06:00:11,2025-07-20 06:27:11,Daviesview,30.98,93.73,Wallet,Cancelled,2025-09-19 12:20:07
880,49,67,49,2025-08-20 00:00:11,2025-08-20 00:52:11,Lake Davidport,24.32,86.42,Wallet,Completed,2025-08-23 13:17:53
881,34,79,34,2025-07-13 06:00:11,2025-07-13 06:21:11,Jimenezview,2.01,4.61,Wallet,Completed,2025-09-08 15:37:08
882,41,151,41,2025-09-05 07:00:11,2025-09-05 07:05:11,Pattonmouth,31.88,99.58,Cash,Ongoing,2025-09-01 02:46:49
883,7,74,7,2025-08-02 09:00:11,2025-08-02 09:50:11,Shawnfurt,12.67,38.38,Wallet,Cancelled,2025-09-11 10:57:14
884,39,144,39,2025-08-23 00:00:11,2025-08-23 00:49:11,Cummingsmouth,16.46,59.15,Card,Cancelled,2025-09-07 16:35:33
885,2,65,2,2025-08-15 00:00:11,2025-08-15 00:53:11,Robertbury,14.25,44.74,Wallet,Ongoing,2025-09-15 11:54:13
886,19,195,19,2025-07-23 15:00:11,2025-07-23 15:56:11,East Heidi,13.97,27.81,Cash,Cancelled,2025-09-06 06:17:40
887,16,183,16,2025-07-30 14:00:11,2025-07-30 14:56:11,Nicholsonshire,8.33,27.62,Cash,Ongoing,2025-08-21 17:46:31
888,9,71,9,2025-08-27 18:00:11,2025-08-27 18:18:11,Rickyton,11.92,42.12,Card,Completed,2025-09-01 14:20:54
889,16,45,16,2025-08-15 02:00:11,2025-08-15 02:15:11,Masonside,19.29,66.5,Cash,Ongoing,2025-09-19 10:27:02
890,35,103,35,2025-07-08 02:00:11,2025-07-08 02:14:11,Cummingsmouth,26.71,56.78,Wallet,Ongoing,2025-09-12 20:35:49
891,18,30,18,2025-07-01 01:00:11,2025-07-01 01:24:11,Woodstown,32.96,72.38,Cash,Ongoing,2025-09-01 22:22:39
892,4,128,4,2025-09-08 01:00:11,2025-09-08 01:50:11,South Regina,38.61,81.03,Cash,Cancelled,2025-09-09 08:05:15
893,4,139,4,2025-09-04 22:00:11,2025-09-04 22:25:11,East Stephen,38.07,96.25,Card,Completed,2025-08-28 02:39:50
894,10,159,10,2025-09-05 02:00:11,2025-09-05 02:05:11,Ericport,37.3,90.32,Cash,Completed,2025-09-17 14:30:48
895,40,141,40,2025-09-15 17:00:11,2025-09-15 17:37:11,South Cynthia,16.97,29.72,Wallet,Completed,2025-09-08 11:43:21
896,11,69,11,2025-09-09 09:00:11,2025-09-09 09:59:11,North Justin,30.66,87.53,Card,Cancelled,2025-09-07 14:54:06
897,31,101,31,2025-07-31 20:00:11,2025-07-31 20:55:11,Josephstad,16.54,20.03,Wallet,Ongoing,2025-08-20 17:54:30
898,26,194,26,2025-08-14 13:00:11,2025-08-14 13:11:11,Port Brenda,28.59,80.15,Cash,Cancelled,2025-08-28 20:42:38
899,42,6,42,2025-08-25 21:00:11,2025-08-25 21:45:11,West Lacey,30.47,38.66,Card,Completed,2025-08-30 00:06:55
900,10,38,10,2025-09-04 12:00:11,2025-09-04 12:12:11,Nicholsonshire,13.66,26.28,Wallet,Ongoing,2025-09-18 12:20:35
901,15,33,15,2025-06-22 09:00:11,2025-06-22 09:14:11,Cummingsmouth,29.38,66.18,Cash,Ongoing,2025-09-06 12:57:37
902,22,132,22,2025-08-20 23:00:11,2025-08-20 23:57:11,South Regina,14.96,18.58,Wallet,Ongoing,2025-09-05 13:44:40
903,47,200,47,2025-07-30 07:00:11,2025-07-30 07:49:11,Joshuaborough,1.45,3.65,Card,Cancelled,2025-09-07 21:24:33
904,8,139,8,2025-09-03 09:00:11,2025-09-03 09:45:11,South Cynthia,34.03,103.21,Wallet,Ongoing,2025-09-19 21:41:01
905,22,159,22,2025-06-30 14:00:11,2025-06-30 14:05:11,North Jamie,32.79,87.57,Wallet,Completed,2025-09-07 05:52:03
906,3,12,3,2025-09-04 19:00:11,2025-09-04 19:08:11,New Josephburgh,18.3,24.6,Cash,Cancelled,2025-09-11 07:33:05
907,14,1,14,2025-08-20 19:00:11,2025-08-20 19:36:11,Davilaville,24.35,68.83,Wallet,Ongoing,2025-09-10 09:23:48
908,10,12,10,2025-08-20 16:00:11,2025-08-20 16:55:11,South Cynthia,6.4,11.01,Card,Completed,2025-08-23 12:12:08
909,45,5,45,2025-08-16 09:00:11,2025-08-16 09:37:11,North Christophermouth,32.08,109.14,Cash,Cancelled,2025-09-12 03:02:54
910,17,187,17,2025-06-27 03:00:11,2025-06-27 03:37:11,New Josephburgh,7.39,26.76,Card,Cancelled,2025-09-05 14:15:34
911,36,89,36,2025-07-08 23:00:11,2025-07-08 23:50:11,Steventon,11.71,15.62,Card,Ongoing,2025-08-31 17:47:08
912,1,38,1,2025-06-28 14:00:11,2025-06-28 14:18:11,Nicholsonshire,7.35,23.93,Cash,Ongoing,2025-09-10 15:28:39
913,19,160,19,2025-09-14 02:00:11,2025-09-14 02:44:11,East Ericaborough,29.14,101.3,Cash,Cancelled,2025-08-20 17:56:54
914,26,140,26,2025-07-01 05:00:11,2025-07-01 05:05:11,North Justin,4.44,13.24,Card,Ongoing,2025-08-21 01:59:14
915,14,76,14,2025-09-02 09:00:11,2025-09-02 09:50:11,Craigland,12.84,30.83,Wallet,Completed,2025-09-14 00:47:01
916,37,146,37,2025-07-30 14:00:11,2025-07-30 14:44:11,Davidbury,23.42,51.66,Wallet,Completed,2025-08-28 01:46:26
917,9,156,9,2025-09-13 11:00:11,2025-09-13 11:08:11,Daviesview,17.23,34.37,Card,Cancelled,2025-09-16 10:51:21
918,48,50,48,2025-07-07 00:00:11,2025-07-07 00:15:11,Mccarthybury,29.42,68.32,Card,Cancelled,2025-08-21 16:23:26
919,44,139,44,2025-08-09 04:00:11,2025-08-09 04:54:11,Pattonmouth,2.93,10.31,Cash,Completed,2025-09-07 20:31:03
920,36,9,36,2025-08-07 16:00:11,2025-08-07 16:31:11,North Jamie,36.79,116.2,Card,Completed,2025-09-10 23:54:52
921,5,82,5,2025-08-23 08:00:11,2025-08-23 08:05:11,Woodstown,5.78,12.09,Card,Ongoing,2025-08-23 20:32:50
922,19,17,19,2025-08-04 23:00:11,2025-08-04 23:34:11,Pattonmouth,11.8,24.89,Wallet,Ongoing,2025-08-31 04:25:40
923,22,131,22,2025-08-28 20:00:11,2025-08-28 20:50:11,North Jodimouth,36.71,114.68,Cash,Cancelled,2025-09-03 18:42:27
924,19,71,19,2025-07-18 00:00:11,2025-07-18 00:05:11,South Karenstad,8.61,10.42,Wallet,Ongoing,2025-08-21 19:48:16
925,26,27,26,2025-08-12 23:00:11,2025-08-12 23:40:11,Zacharyport,4.03,9.33,Cash,Cancelled,2025-08-24 14:07:40
926,49,144,49,2025-07-31 06:00:11,2025-07-31 06:06:11,Daviesview,16.03,35.4,Cash,Ongoing,2025-09-08 20:19:36
927,8,184,8,2025-08-11 07:00:11,2025-08-11 07:36:11,South Cynthia,30.76,79.32,Cash,Ongoing,2025-09-05 11:27:55
928,33,140,33,2025-09-09 13:00:12,2025-09-09 13:33:12,Jasonborough,16.71,61.65,Card,Ongoing,2025-08-26 06:01:06
929,36,162,36,2025-07-05 00:00:12,2025-07-05 00:45:12,North Williamport,29.15,47.91,Cash,Cancelled,2025-09-13 05:45:34
930,25,47,25,2025-07-19 17:00:12,2025-07-19 17:12:12,South Cynthia,15.2,49.67,Cash,Completed,2025-08-27 08:03:50
931,12,138,12,2025-07-18 11:00:12,2025-07-18 11:24:12,Bensonport,22.01,60.08,Wallet,Ongoing,2025-09-20 12:06:39
932,14,61,14,2025-07-29 16:00:12,2025-07-29 16:57:12,Lake Davidport,10.11,12.17,Cash,Cancelled,2025-09-15 20:48:57
933,25,164,25,2025-09-02 05:00:12,2025-09-02 05:36:12,East Stephen,29.92,95.07,Cash,Ongoing,2025-08-21 13:45:52
934,20,136,20,2025-08-28 15:00:12,2025-08-28 15:44:12,North Susanstad,8.63,16.18,Card,Cancelled,2025-09-06 15:11:23
935,22,76,22,2025-07-16 14:00:12,2025-07-16 14:26:12,Davilaville,36.46,49.64,Cash,Completed,2025-09-07 20:20:32
936,10,65,10,2025-07-10 17:00:12,2025-07-10 17:53:12,New Josephburgh,38.06,64.44,Wallet,Ongoing,2025-08-23 17:34:13
937,48,41,48,2025-09-12 06:00:12,2025-09-12 06:44:12,South Regina,33.88,76.62,Wallet,Completed,2025-08-27 00:31:18
938,8,105,8,2025-09-02 02:00:12,2025-09-02 02:26:12,Jimenezview,23.9,53.51,Card,Cancelled,2025-09-01 21:33:08
939,18,13,18,2025-07-20 07:00:12,2025-07-20 07:14:12,Pattonmouth,10.77,20.09,Cash,Cancelled,2025-09-14 11:36:35
940,38,199,38,2025-08-02 14:00:12,2025-08-02 14:32:12,Bensonport,1.51,3.65,Wallet,Ongoing,2025-08-30 07:45:37
941,35,133,35,2025-08-20 11:00:12,2025-08-20 11:46:12,Steventon,18.89,26.42,Cash,Completed,2025-09-18 21:52:55
942,6,159,6,2025-06-24 21:00:12,2025-06-24 21:43:12,New Josephburgh,1.37,3.37,Wallet,Ongoing,2025-08-27 16:41:00
943,8,22,8,2025-08-10 15:00:12,2025-08-10 15:29:12,North Williamport,13.96,31.67,Cash,Ongoing,2025-09-16 06:11:11
944,15,153,15,2025-08-14 21:00:12,2025-08-14 21:24:12,West Lacey,26.13,49.09,Cash,Cancelled,2025-09-06 12:43:49
945,43,169,43,2025-08-29 11:00:12,2025-08-29 11:35:12,Ericport,23.91,74.17,Wallet,Completed,2025-09-16 06:28:59
946,26,140,26,2025-08-14 19:00:12,2025-08-14 19:16:12,Rickyton,29.08,108.76,Card,Completed,2025-09-13 01:48:47
947,38,127,38,2025-09-03 09:00:12,2025-09-03 09:47:12,Pattonmouth,18.57,37.94,Card,Cancelled,2025-09-07 03:01:12
948,4,43,4,2025-07-17 13:00:12,2025-07-17 13:30:12,North Christophermouth,36.24,122.3,Card,Cancelled,2025-08-24 18:01:17
949,5,33,5,2025-07-14 06:00:12,2025-07-14 06:40:12,Mccarthybury,14.1,51.95,Card,Ongoing,2025-09-16 07:45:53
950,34,46,34,2025-07-19 17:00:12,2025-07-19 17:59:12,Davilaville,7.19,10.24,Card,Cancelled,2025-09-20 05:57:37
951,21,21,21,2025-08-08 15:00:12,2025-08-08 15:37:12,Orrburgh,27.57,102.58,Cash,Ongoing,2025-09-13 17:21:54
952,25,79,25,2025-09-11 01:00:12,2025-09-11 01:21:12,Stevensstad,2.36,7.9,Card,Cancelled,2025-08-30 13:02:08
953,44,56,44,2025-08-28 17:00:12,2025-08-28 17:37:12,Jeremiahchester,38.83,86.33,Card,Completed,2025-08-29 09:43:47
954,8,126,8,2025-07-07 15:00:12,2025-07-07 15:48:12,North Williamport,34.05,81.19,Wallet,Ongoing,2025-08-23 09:32:59
955,23,161,23,2025-08-25 10:00:12,2025-08-25 10:26:12,New Josephburgh,23.37,32.7,Cash,Completed,2025-09-09 11:36:02
956,37,175,37,2025-06-24 21:00:12,2025-06-24 21:52:12,South Amandamouth,23.94,73.93,Cash,Cancelled,2025-09-17 12:09:55
957,34,45,34,2025-09-15 09:00:12,2025-09-15 09:41:12,Craigland,36.06,68.44,Wallet,Cancelled,2025-09-14 13:18:42
958,37,57,37,2025-07-25 17:00:12,2025-07-25 17:48:12,Joshuaborough,33.34,84.9,Cash,Cancelled,2025-09-01 14:11:18
959,3,135,3,2025-07-20 13:00:12,2025-07-20 13:58:12,Robertbury,30.08,40.01,Card,Cancelled,2025-09-17 09:11:40
960,1,183,1,2025-07-27 00:00:12,2025-07-27 00:07:12,West Lacey,37.75,76.86,Wallet,Ongoing,2025-09-16 10:44:06
961,26,106,26,2025-09-09 15:00:12,2025-09-09 15:21:12,Bensonport,3.81,10.83,Card,Ongoing,2025-09-05 19:33:36
962,39,66,39,2025-08-10 15:00:12,2025-08-10 15:12:12,East Stephen,35.68,66.2,Card,Completed,2025-08-21 06:49:39
963,27,91,27,2025-06-21 22:00:12,2025-06-21 22:41:12,South Karenstad,36.64,108.22,Card,Completed,2025-09-19 23:51:09
964,32,23,32,2025-07-13 08:00:12,2025-07-13 08:57:12,Cummingsmouth,5.9,14.0,Cash,Completed,2025-08-31 04:25:30
965,18,45,18,2025-06-24 05:00:12,2025-06-24 05:16:12,West Lawrenceberg,10.3,20.19,Cash,Cancelled,2025-09-09 12:39:17
966,35,124,35,2025-07-10 09:00:12,2025-07-10 09:23:12,Bensonport,24.54,48.7,Cash,Cancelled,2025-08-31 00:47:48
967,35,6,35,2025-07-14 23:00:12,2025-07-14 23:12:12,Daviesview,36.2,105.16,Wallet,Cancelled,2025-09-14 14:49:48
968,50,90,50,2025-08-15 09:00:12,2025-08-15 09:07:12,South Karenstad,23.48,52.42,Wallet,Ongoing,2025-09-15 08:25:18
969,40,100,40,2025-06-28 08:00:12,2025-06-28 08:14:12,North Williamport,30.56,66.96,Wallet,Ongoing,2025-09-04 20:13:54
970,46,155,46,2025-08-17 18:00:12,2025-08-17 18:48:12,Nicholsonshire,13.91,35.3,Card,Cancelled,2025-09-13 10:21:40
971,45,100,45,2025-07-12 14:00:12,2025-07-12 14:28:12,South Cynthia,27.83,52.75,Cash,Completed,2025-09-03 22:56:59
972,19,123,19,2025-09-05 19:00:12,2025-09-05 19:18:12,South Amandamouth,31.93,49.85,Wallet,Completed,2025-08-22 02:25:46
973,20,101,20,2025-08-04 06:00:12,2025-08-04 06:31:12,Zacharyport,10.57,24.78,Cash,Ongoing,2025-09-03 11:53:19
974,50,71,50,2025-08-13 13:00:12,2025-08-13 13:26:12,Stevensstad,14.42,22.81,Card,Ongoing,2025-08-29 22:59:53
975,35,179,35,2025-08-11 12:00:12,2025-08-11 12:32:12,Bradleytown,4.6,10.0,Cash,Completed,2025-09-18 09:00:27
976,36,153,36,2025-07-24 23:00:12,2025-07-24 23:47:12,South Regina,17.71,67.1,Card,Cancelled,2025-08-23 08:15:23
977,20,87,20,2025-09-06 15:00:12,2025-09-06 15:48:12,North Susanstad,17.36,38.58,Wallet,Completed,2025-08-21 04:16:04
978,38,45,38,2025-08-19 11:00:12,2025-08-19 11:22:12,North Jamie,25.3,56.03,Wallet,Completed,2025-08-29 09:41:16
979,27,87,27,2025-07-02 03:00:12,2025-07-02 03:43:12,Bradleytown,36.26,123.83,Card,Completed,2025-08-26 09:23:54
980,30,132,30,2025-07-31 13:00:12,2025-07-31 13:32:12,West Lawrenceberg,1.91,3.09,Card,Cancelled,2025-09-18 16:57:26
981,28,95,28,2025-08-26 20:00:12,2025-08-26 20:23:12,Josephstad,35.03,76.17,Cash,Completed,2025-08-26 21:18:53
982,26,102,26,2025-06-25 08:00:12,2025-06-25 08:49:12,Steventon,17.3,52.71,Wallet,Ongoing,2025-08-28 16:38:32
983,18,46,18,2025-07-30 22:00:12,2025-07-30 22:28:12,North Williamport,14.43,24.31,Cash,Cancelled,2025-09-01 07:01:13
984,7,92,7,2025-06-26 02:00:12,2025-06-26 02:21:12,Woodstown,28.12,78.46,Cash,Ongoing,2025-08-22 07:34:31
985,42,142,42,2025-07-18 09:00:12,2025-07-18 10:00:12,North Susanstad,25.58,88.69,Cash,Ongoing,2025-08-26 12:10:16
986,15,51,15,2025-09-19 22:00:12,2025-09-19 22:19:12,North Jodimouth,28.59,78.26,Card,Ongoing,2025-08-27 14:39:34
987,20,38,20,2025-09-17 11:00:12,2025-09-17 11:07:12,West Lawrenceberg,8.12,16.27,Cash,Cancelled,2025-08-21 09:24:46
988,16,48,16,2025-07-28 10:00:12,2025-07-28 10:32:12,West Lacey,33.53,42.11,Wallet,Ongoing,2025-09-19 10:53:49
989,7,7,7,2025-08-12 14:00:12,2025-08-12 14:54:12,South Cynthia,28.94,94.35,Card,Completed,2025-09-01 10:47:10
990,2,159,2,2025-07-31 19:00:12,2025-07-31 19:34:12,South Regina,29.81,41.9,Card,Cancelled,2025-08-28 16:02:53
991,22,160,22,2025-09-03 21:00:12,2025-09-03 21:36:12,Joshuaborough,14.04,23.36,Cash,Ongoing,2025-08-22 12:50:24
992,6,167,6,2025-09-07 07:00:12,2025-09-07 07:48:12,Steventon,37.22,141.35,Card,Completed,2025-08-23 13:12:05
993,2,50,2,2025-09-14 17:00:12,2025-09-14 17:58:12,East Stephen,36.21,55.74,Card,Ongoing,2025-09-10 06:57:11
994,39,119,39,2025-06-30 03:00:12,2025-06-30 03:39:12,Jasonborough,16.19,47.24,Card,Completed,2025-09-15 18:53:11
995,47,120,47,2025-08-03 11:00:12,2025-08-03 11:49:12,Orrburgh,35.88,102.97,Card,Cancelled,2025-09-12 16:35:15
996,25,26,25,2025-09-01 11:00:12,2025-09-01 11:25:12,Shawnfurt,6.26,18.32,Card,Cancelled,2025-09-02 02:27:25
997,19,111,19,2025-08-02 13:00:12,2025-08-02 13:51:12,North Susanstad,4.44,6.61,Card,Ongoing,2025-09-05 08:20:59
998,12,85,12,2025-09-07 22:00:12,2025-09-07 22:10:12,Orrburgh,35.17,49.56,Card,Cancelled,2025-09-08 01:05:55
999,26,48,26,2025-07-22 11:00:12,2025-07-22 11:57:12,Stevensstad,25.73,86.24,Card,Cancelled,2025-09-19 03:41:03
1000,45,60,45,2025-08-22 12:00:12,2025-08-22 12:26:12,Robertbury,27.82,43.85,Card,Ongoing,2025-08-25 20:02:06
